Distributor Name,Location,Vertical,Annual Sales Range,ARR Band,# of Products,Starting MRR,Ending MRR
Fowler Foods,"Lake Michaelstad, MD, US",Produce,$10mm - $25mm,$10k - $25k,2,"$1,670","$2,043"
Johnson Foods,"South Joshuaville, SK, Canada",Specialty,$25mm - $50mm,$50 - $75k,2,"$4,566","$5,289"
Hill Supply Co.,"Davisborough, PE, Canada",C-Store,$100mm - $250mm,$100k - $250k,1,"$15,568","$15,568"
Walker Distribution,"North Kristinbury, PE, Canada",Jan-San,$50mm - $100mm,$50 - $75k,2,"$5,691","$5,691"
Doyle Distribution,"Port Anne, MN, US",Broadline,$100mm - $250mm,$100k - $250k,2,"$14,891","$16,728"
Rhodes Distribution,"Port Kathyborough, WI, US",Broadline,$50mm - $100mm,$75k - $100k,3,"$7,821","$7,821"
Mcclain Foods,"Port Molly, NJ, US",Broadline,$50mm - $100mm,$25k - $50k,3,"$3,757","$4,060"
Miller Logistics,"Kimtown, NB, Canada",Coffee,$100mm - $250mm,$100k - $250k,1,"$10,689","$10,689"
Henderson Foods,"Micheleberg, NB, Canada",Jan-San,$10mm - $25mm,$25k - $50k,2,"$3,912","$3,912"
Johnson Logistics,"New John, IA, US",C-Store,$25mm - $50mm,$25k - $50k,1,"$4,129","$3,304"
Robinson Enterprises,"North Donna, ON, Canada",Broadline,$10mm - $25mm,$10k - $25k,2,"$1,498","$1,476"
Wagner Foods,"East Alexisbury, WV, US",Specialty,$1bn+,$100k - $250k,1,"$13,959","$14,142"
Johnson Foods,"Alfredview, MO, US",C-Store,$500mm - $1bn,$25k - $50k,1,"$4,037","$4,300"
Gonzalez Foods,"East Judyhaven, TX, US",Broadline,< $10mm,$10k - $25k,1,$853,"$1,101"
Santos Distribution,"Lake Brycemouth, TN, US",Broadline,$50mm - $100mm,$50 - $75k,2,"$5,633","$11,185"
Gardner Distribution,"Williamville, PE, Canada",Broadline,$250mm - $500mm,$100k - $250k,1,"$9,024","$9,024"
Robinson Logistics,"Gordonton, MB, Canada",Produce,$10mm - $25mm,$75k - $100k,2,"$6,535","$7,819"
Lawrence Logistics,"Stephentown, PA, US",Seafood,$25mm - $50mm,$25k - $50k,1,"$3,943","$4,984"
Pacheco Foods,"South Melaniechester, CT, US",Meat,$250mm - $500mm,$100k - $250k,1,"$19,431","$20,678"
Smith Logistics,"South Jennifermouth, PE, Canada",Produce,< $10mm,$25k - $50k,2,"$2,359","$3,047"
Shaffer Distribution,"North Marcberg, NJ, US",Jan-San,$50mm - $100mm,$100k - $250k,1,"$8,775","$9,150"
Wolfe Logistics,"East Joshuashire, GA, US",Broadline,$10mm - $25mm,$25k - $50k,1,"$2,376","$2,448"
Peterson Enterprises,"Oscarhaven, TN, US",Produce,$250mm - $500mm,$250k+,2,"$23,664","$24,460"
Moore Distribution,"Shawnchester, BC, Canada",Produce,$500mm - $1bn,$100k - $250k,1,"$16,842","$16,842"
Bernard Enterprises,"Port Jacquelineside, KY, US",Meat,$500mm - $1bn,$250k+,1,"$25,277","$43,001"
Rogers Logistics,"South Shannon, VT, US",C-Store,$25mm - $50mm,$25k - $50k,1,"$3,857","$4,761"
Davis Supply Co.,"South Matthew, CO, US",Broadline,$100mm - $250mm,$25k - $50k,3,"$3,373","$3,126"
Davis Foods,"Rossville, QC, Canada",Seafood,$100mm - $250mm,$100k - $250k,2,"$12,195","$15,772"
Abbott Distribution,"Ronaldview, MA, US",Jan-San,$10mm - $25mm,< $10k,2,$799,$729
Munoz Enterprises,"Stephaniefort, WI, US",Broadline,$100mm - $250mm,$100k - $250k,2,"$8,968","$9,373"
Roman Supply Co.,"North Marieland, OH, US",Jan-San,< $10mm,$10k - $25k,1,"$1,181","$1,346"
Blair Supply Co.,"Davisstad, CA, US",Broadline,$25mm - $50mm,$50 - $75k,1,"$5,982","$7,200"
Herrera Distribution,"New Brian, UT, US",Broadline,$10mm - $25mm,$75k - $100k,2,"$6,871","$8,587"
Dudley Distribution,"Elizabethchester, NB, Canada",Specialty,< $10mm,$25k - $50k,1,"$2,130","$2,423"
Gray Supply Co.,"Morganchester, NV, US",Specialty,< $10mm,$25k - $50k,1,"$3,363","$3,962"
Arnold Foods,"West Carolinestad, BC, Canada",C-Store,$50mm - $100mm,$75k - $100k,1,"$6,635","$6,635"
Calderon Foods,"New Williamberg, VT, US",Produce,$10mm - $25mm,$25k - $50k,1,"$3,849","$4,158"
Montgomery Enterprises,"Walkerville, AK, US",Broadline,$50mm - $100mm,$100k - $250k,4,"$11,304","$13,495"
Hensley Foods,"Meganstad, AR, US",Jan-San,< $10mm,$25k - $50k,1,"$3,616","$7,196"
Ray Supply Co.,"Port Joshuabury, MS, US",Meat,$10mm - $25mm,$50 - $75k,2,"$5,661","$5,745"
Bush Supply Co.,"Bruceside, KS, US",Broadline,$25mm - $50mm,$25k - $50k,1,"$3,300","$3,300"
Williams Logistics,"New Sarahview, OR, US",Meat,$100mm - $250mm,$100k - $250k,4,"$10,448","$13,226"
Perez Supply Co.,"East Joshuaport, ID, US",Broadline,$10mm - $25mm,$25k - $50k,1,"$2,149","$2,512"
Roberts Foods,"Michaelburgh, CO, US",Ice Cream,$50mm - $100mm,$50 - $75k,1,"$5,939","$6,388"
Miller Enterprises,"New Diane, MO, US",Broadline,$250mm - $500mm,$100k - $250k,2,"$13,137","$16,900"
Hall Logistics,"East Joycetown, KS, US",Jan-San,$50mm - $100mm,$100k - $250k,2,"$10,165","$11,639"
Garcia Foods,"Lake Alyssafurt, PA, US",Produce,$10mm - $25mm,$75k - $100k,1,"$6,350","$6,982"
Ramirez Enterprises,"Chavezburgh, NJ, US",Seafood,< $10mm,$10k - $25k,1,"$1,956","$1,956"
Reid Foods,"Larrymouth, NJ, US",Seafood,$100mm - $250mm,$10k - $25k,1,"$1,528","$1,472"
Diaz Logistics,"North Ericton, AL, US",Broadline,< $10mm,$25k - $50k,1,"$3,517","$3,517"
Wood Supply Co.,"West Scottchester, PE, Canada",Specialty,$100mm - $250mm,$25k - $50k,1,"$4,074","$4,373"
Clark Logistics,"Lawsonchester, QC, Canada",C-Store,$25mm - $50mm,$50 - $75k,2,"$5,937","$7,421"
Adams Supply Co.,"Jasonhaven, NH, US",Specialty,$250mm - $500mm,$25k - $50k,1,"$2,574","$2,574"
Zuniga Logistics,"West Russellport, SK, Canada",Ice Cream,$100mm - $250mm,$75k - $100k,1,"$7,736","$9,162"
Wong Distribution,"Roseport, NV, US",Jan-San,$1bn+,$250k+,2,"$49,164","$40,184"
Lynch Foods,"East Randallton, NJ, US",Specialty,$10mm - $25mm,$25k - $50k,4,"$2,503","$2,503"
Jackson Foods,"East Kevinborough, NB, Canada",Broadline,$100mm - $250mm,$75k - $100k,2,"$8,129","$8,129"
Daniel Distribution,"Port Jonathan, PE, Canada",Broadline,$10mm - $25mm,$25k - $50k,1,"$2,670","$2,855"
Martin Supply Co.,"Davidfort, MO, US",Broadline,$25mm - $50mm,$75k - $100k,1,"$8,231","$11,399"
Gray Foods,"Thompsonfurt, OR, US",Produce,$50mm - $100mm,$100k - $250k,4,"$10,693","$10,713"
Mayo Distribution,"New Angelica, VT, US",Produce,$100mm - $250mm,$50 - $75k,1,"$5,105","$8,451"
Bowman Foods,"Charleston, TX, US",Broadline,$1bn+,$50 - $75k,1,"$4,733","$6,150"
Hawkins Enterprises,"Smithland, AL, US",C-Store,$100mm - $250mm,$100k - $250k,2,"$11,437","$20,432"
Cohen Supply Co.,"Barbarashire, UT, US",Produce,$25mm - $50mm,$25k - $50k,2,"$3,625","$3,960"
Cameron Enterprises,"Mckinneychester, AR, US",Produce,$25mm - $50mm,$75k - $100k,2,"$6,344","$6,344"
Parsons Supply Co.,"Dariustown, PE, Canada",Seafood,$50mm - $100mm,$10k - $25k,1,"$1,450","$1,832"
Perez Distribution,"Georgemouth, NL, Canada",Broadline,$10mm - $25mm,$10k - $25k,1,"$1,584","$1,336"
Johnson Supply Co.,"Christopherville, IA, US",C-Store,< $10mm,$25k - $50k,4,"$3,373","$3,373"
Stewart Supply Co.,"South Brianna, MN, US",Broadline,$10mm - $25mm,$10k - $25k,1,"$2,077","$2,071"
Adams Distribution,"South Monicamouth, IL, US",Bakery,$10mm - $25mm,$50 - $75k,2,"$6,110","$6,110"
Clark Supply Co.,"West Kimberly, UT, US",C-Store,$10mm - $25mm,$10k - $25k,2,"$1,116",$934
Hahn Foods,"New Cynthiahaven, WY, US",Broadline,$10mm - $25mm,$25k - $50k,2,"$2,097","$2,286"
Walter Logistics,"Port Michael, FL, US",Broadline,< $10mm,$25k - $50k,1,"$3,995","$5,612"
Edwards Distribution,"East Curtis, SD, US",C-Store,< $10mm,$10k - $25k,1,"$2,020","$2,020"
Rios Logistics,"Jamesberg, MD, US",C-Store,$1bn+,$250k+,2,"$35,770","$38,199"
Foster Distribution,"East Stephaniefort, AZ, US",C-Store,$25mm - $50mm,$25k - $50k,3,"$3,115","$3,115"
Rocha Distribution,"Webstershire, WA, US",C-Store,$10mm - $25mm,$50 - $75k,3,"$4,971","$5,670"
Ellis Enterprises,"Maldonadoshire, ME, US",Broadline,$50mm - $100mm,$100k - $250k,1,"$9,015","$10,164"
Baker Enterprises,"Michellemouth, NE, US",Produce,$10mm - $25mm,$25k - $50k,1,"$2,715","$2,951"
Wright Supply Co.,"South Carlos, FL, US",Broadline,$500mm - $1bn,$250k+,3,"$28,525","$28,525"
Hoffman Logistics,"Welchview, MS, US",Coffee,$100mm - $250mm,$100k - $250k,2,"$11,052","$11,623"
Baker Distribution,"West Williamport, LA, US",Jan-San,< $10mm,$25k - $50k,3,"$2,656","$2,656"
Richards Supply Co.,"Hayeston, NL, Canada",Produce,$25mm - $50mm,$50 - $75k,1,"$5,417","$6,656"
Hurst Foods,"Marieland, PE, Canada",Broadline,$100mm - $250mm,$100k - $250k,2,"$10,618","$13,772"
Ross Distribution,"New Brookefurt, NL, Canada",Produce,$500mm - $1bn,$75k - $100k,2,"$7,297","$6,162"
Robinson Foods,"Carpenterton, MI, US",Produce,$25mm - $50mm,$25k - $50k,2,"$4,162","$4,532"
Bright Supply Co.,"Stoutshire, PE, Canada",C-Store,$25mm - $50mm,$25k - $50k,1,"$3,682","$3,952"
Hicks Enterprises,"West Cassidy, MB, Canada",Jan-San,< $10mm,$10k - $25k,1,"$1,908","$2,033"
Davis Supply Co.,"North Shannon, IA, US",Ice Cream,$1bn+,$250k+,2,"$38,522","$40,102"
Williams Foods,"Toniland, ON, Canada",Meat,$10mm - $25mm,$25k - $50k,1,"$3,766","$4,389"
Rodriguez Distribution,"North John, QC, Canada",Broadline,$500mm - $1bn,$250k+,1,"$28,329","$33,474"
Burton Logistics,"Ritterhaven, MT, US",C-Store,$50mm - $100mm,$50 - $75k,4,"$4,937","$4,937"
Conner Supply Co.,"West Nathan, OH, US",C-Store,$25mm - $50mm,$50 - $75k,1,"$4,267","$5,170"
Henderson Distribution,"Paulmouth, MS, US",Seafood,$25mm - $50mm,$75k - $100k,3,"$7,466","$8,990"
Brown Enterprises,"Port Crystalmouth, UT, US",C-Store,$10mm - $25mm,$25k - $50k,1,"$4,163","$4,528"
James Enterprises,"West Codyfurt, MO, US",Meat,< $10mm,$25k - $50k,2,"$2,418","$2,418"
Ferrell Enterprises,"Johnathanberg, NS, Canada",Seafood,$10mm - $25mm,$25k - $50k,4,"$2,267","$2,491"
Rice Distribution,"Christopherberg, IA, US",Produce,$10mm - $25mm,$25k - $50k,1,"$3,241","$3,241"
Maddox Supply Co.,"Kylefurt, SC, US",Broadline,$100mm - $250mm,$50 - $75k,1,"$5,642","$6,796"
Valencia Distribution,"New Jeanne, QC, Canada",Broadline,$10mm - $25mm,$75k - $100k,1,"$6,996","$7,729"
Smith Distribution,"West Angelicamouth, SC, US",Broadline,< $10mm,$10k - $25k,1,"$1,585","$1,517"
Le Logistics,"Lake Jacqueline, CA, US",Jan-San,$500mm - $1bn,$250k+,2,"$30,304","$33,707"
Maldonado Logistics,"Lake Ellenhaven, NJ, US",Produce,$250mm - $500mm,$100k - $250k,3,"$17,553","$16,598"
Herrera Supply Co.,"Andrewport, NL, Canada",Seafood,$250mm - $500mm,$100k - $250k,1,"$9,841","$10,102"
Adams Logistics,"East Matthew, DE, US",Ice Cream,$1bn+,$100k - $250k,1,"$17,447","$17,447"
Davidson Enterprises,"Leeberg, AZ, US",Broadline,< $10mm,$25k - $50k,1,"$3,443","$4,301"
Rodriguez Logistics,"North Kenneth, NY, US",Produce,$10mm - $25mm,$75k - $100k,2,"$6,271","$6,271"
Graham Enterprises,"New Kellihaven, KS, US",C-Store,$50mm - $100mm,$25k - $50k,1,"$2,848","$2,362"
Chavez Supply Co.,"Lake Matthewberg, MB, Canada",Broadline,$50mm - $100mm,$50 - $75k,2,"$4,801","$6,980"
Mckay Distribution,"Mooreburgh, MS, US",Broadline,< $10mm,$10k - $25k,2,"$1,678","$1,678"
Liu Distribution,"Lake Samuel, WV, US",Produce,$100mm - $250mm,$10k - $25k,2,"$1,924","$1,924"
Baker Logistics,"Diazbury, OH, US",Broadline,$10mm - $25mm,$50 - $75k,1,"$4,489","$4,576"
Mason Enterprises,"Bishopmouth, WV, US",Specialty,$10mm - $25mm,$50 - $75k,2,"$6,093","$7,443"
White Foods,"New John, NE, US",C-Store,$25mm - $50mm,$25k - $50k,1,"$3,991","$3,991"
Gaines Foods,"Mckeeborough, NY, US",Jan-San,$25mm - $50mm,$75k - $100k,1,"$6,894","$9,983"
Harrell Foods,"Erikashire, LA, US",Coffee,$25mm - $50mm,$75k - $100k,3,"$6,319","$7,065"
Evans Distribution,"Murrayport, MS, US",C-Store,< $10mm,$10k - $25k,2,"$1,819","$1,854"
Fowler Distribution,"Shawchester, NH, US",Broadline,$100mm - $250mm,$25k - $50k,1,"$3,534","$3,774"
Lynch Enterprises,"Port James, NS, Canada",Ice Cream,$10mm - $25mm,$50 - $75k,1,"$5,183","$6,416"
Hernandez Logistics,"Port John, UT, US",Seafood,< $10mm,$25k - $50k,1,"$3,492","$4,335"
Farmer Foods,"Sawyerside, TN, US",C-Store,$250mm - $500mm,$100k - $250k,1,"$17,775","$18,879"
Ryan Enterprises,"Lake Meghanville, MT, US",Ice Cream,$500mm - $1bn,$25k - $50k,1,"$2,501","$2,753"
Osborne Enterprises,"Christopherburgh, DE, US",Produce,$100mm - $250mm,$50 - $75k,1,"$4,756","$6,630"
Moreno Logistics,"Shannonhaven, PE, Canada",Broadline,$100mm - $250mm,$25k - $50k,1,"$2,370","$2,422"
Smith Enterprises,"Port Samuel, IN, US",Broadline,$50mm - $100mm,$75k - $100k,2,"$7,317","$9,495"
Nguyen Logistics,"Port Shannon, RI, US",Produce,$25mm - $50mm,$75k - $100k,2,"$7,027","$8,410"
Smith Supply Co.,"Sarahchester, AB, Canada",C-Store,< $10mm,$10k - $25k,2,$893,"$1,039"
Hickman Logistics,"South Waynebury, KS, US",Coffee,$10mm - $25mm,$50 - $75k,1,"$5,990","$7,365"
Koch Foods,"Vangstad, SK, Canada",Broadline,$10mm - $25mm,$50 - $75k,4,"$4,778","$5,982"
Decker Foods,"North Lucas, WI, US",Seafood,$10mm - $25mm,$50 - $75k,3,"$5,388","$6,692"
Parker Logistics,"Port Jennifermouth, PA, US",Produce,$50mm - $100mm,$100k - $250k,3,"$11,708","$11,670"
Brown Supply Co.,"East Benjamin, IA, US",Broadline,$25mm - $50mm,$25k - $50k,3,"$2,403","$2,537"
Humphrey Supply Co.,"Hortonberg, GA, US",Broadline,< $10mm,$25k - $50k,3,"$3,783","$4,526"
Arroyo Foods,"Westtown, RI, US",Produce,$10mm - $25mm,$10k - $25k,2,"$1,538","$1,712"
Miller Supply Co.,"North Jonathanberg, GA, US",Specialty,$50mm - $100mm,$50 - $75k,1,"$5,383","$6,970"
Tucker Enterprises,"Rodriguezport, QC, Canada",Produce,< $10mm,$25k - $50k,2,"$3,481","$3,481"
Jones Distribution,"West David, ID, US",Seafood,$100mm - $250mm,$100k - $250k,2,"$15,976","$19,165"
Hodges Enterprises,"South Danielle, AK, US",C-Store,$25mm - $50mm,$50 - $75k,2,"$5,002","$5,002"
Cannon Foods,"Brownfort, MN, US",Produce,$25mm - $50mm,$50 - $75k,2,"$5,712","$7,351"
Anderson Supply Co.,"Lake Zacharybury, KS, US",Specialty,$25mm - $50mm,$75k - $100k,1,"$6,636","$7,037"
Alvarez Logistics,"West Ruben, AK, US",Specialty,$100mm - $250mm,$100k - $250k,1,"$14,781","$18,612"
Pierce Distribution,"Johnchester, AR, US",Broadline,$10mm - $25mm,$25k - $50k,3,"$2,432","$2,276"
Baker Logistics,"Lake Elizabeth, NE, US",Meat,$50mm - $100mm,$100k - $250k,2,"$9,930","$12,878"
Brennan Foods,"Carloshaven, WV, US",Produce,$25mm - $50mm,$50 - $75k,2,"$4,798","$4,647"
Henderson Supply Co.,"South Morganton, NH, US",Produce,$10mm - $25mm,$25k - $50k,1,"$3,566","$4,119"
Lewis Logistics,"Zavalaview, NC, US",Broadline,$100mm - $250mm,$75k - $100k,1,"$8,133","$10,067"
Ryan Logistics,"West Kristinastad, NH, US",Jan-San,$100mm - $250mm,$100k - $250k,3,"$9,795","$9,795"
Blair Distribution,"Lake Diane, SC, US",Seafood,$50mm - $100mm,$100k - $250k,2,"$11,401","$12,881"
Harris Distribution,"Port Bonniemouth, TX, US",Broadline,$100mm - $250mm,$100k - $250k,2,"$10,154","$11,580"
Collins Supply Co.,"North Michael, NJ, US",Broadline,$100mm - $250mm,$100k - $250k,1,"$16,739","$21,692"
Carney Distribution,"Lisaburgh, AK, US",Ice Cream,$50mm - $100mm,$25k - $50k,2,"$3,065","$4,897"
Santos Logistics,"Pollardfort, NM, US",Broadline,$100mm - $250mm,$100k - $250k,1,"$13,014","$15,373"
Kim Logistics,"Port Dennis, ON, Canada",Broadline,$50mm - $100mm,$100k - $250k,2,"$9,953","$9,953"
Holmes Foods,"Johnsonborough, NY, US",Meat,$50mm - $100mm,$100k - $250k,1,"$8,503","$8,642"
Martinez Logistics,"Port Jameston, NH, US",Bakery,$50mm - $100mm,$75k - $100k,1,"$7,715","$9,665"
Walker Supply Co.,"Sarahhaven, CO, US",Broadline,$50mm - $100mm,$75k - $100k,2,"$7,256","$8,667"
Morgan Enterprises,"Haysside, GA, US",Jan-San,< $10mm,$25k - $50k,3,"$3,694","$3,694"
Chapman Foods,"Kingborough, LA, US",C-Store,$100mm - $250mm,$100k - $250k,1,"$14,600","$16,370"
Hall Foods,"Michaelton, PA, US",Broadline,$100mm - $250mm,$25k - $50k,3,"$3,720","$3,738"
Robinson Supply Co.,"Joshuastad, MA, US",C-Store,< $10mm,$25k - $50k,1,"$3,471","$4,087"
Jones Supply Co.,"Prestonmouth, RI, US",Produce,$100mm - $250mm,$75k - $100k,1,"$7,973","$10,435"
Welch Distribution,"Morganburgh, NJ, US",Jan-San,< $10mm,$10k - $25k,1,"$1,394","$1,813"
Perez Foods,"Holtstad, NV, US",Jan-San,$10mm - $25mm,$50 - $75k,1,"$6,186","$7,329"
Whitehead Distribution,"Lauriechester, VT, US",Seafood,$50mm - $100mm,$50 - $75k,2,"$5,809","$5,809"
Heath Logistics,"South Carrieburgh, TN, US",Broadline,< $10mm,$25k - $50k,1,"$3,331","$3,205"
Jones Foods,"Manuelland, WY, US",C-Store,$100mm - $250mm,$50 - $75k,2,"$5,523","$5,841"
Young Foods,"Donnaport, IN, US",Produce,$100mm - $250mm,$10k - $25k,3,"$1,862","$2,227"
Caldwell Enterprises,"Morrisonchester, IA, US",Broadline,$25mm - $50mm,$50 - $75k,1,"$4,913","$4,992"
Lewis Foods,"Lake Scott, NJ, US",Broadline,< $10mm,$10k - $25k,2,$857,$857
Anderson Logistics,"Williamsstad, WA, US",Jan-San,$10mm - $25mm,$50 - $75k,1,"$5,465","$5,979"
Walls Distribution,"Hillton, NV, US",Jan-San,$50mm - $100mm,$25k - $50k,2,"$4,109","$4,293"
Duncan Distribution,"Lake Danastad, KY, US",Broadline,$1bn+,$100k - $250k,1,"$14,700","$14,700"
Kennedy Enterprises,"North Douglas, GA, US",Seafood,$50mm - $100mm,$10k - $25k,1,"$2,049","$2,405"
Mueller Logistics,"Johnsonland, NM, US",Broadline,$10mm - $25mm,$25k - $50k,1,"$2,542","$2,205"
Aguirre Distribution,"Port Deanna, CO, US",Jan-San,$50mm - $100mm,$100k - $250k,1,"$9,618","$17,359"
Lee Supply Co.,"Patrickshire, CT, US",Broadline,$25mm - $50mm,$25k - $50k,1,"$2,128","$2,291"
Davis Logistics,"New Ericmouth, MS, US",C-Store,$100mm - $250mm,$100k - $250k,2,"$11,763","$12,078"
Jordan Logistics,"Nathanland, QC, Canada",Produce,< $10mm,$25k - $50k,3,"$3,818","$3,908"
Henderson Enterprises,"New Michael, OK, US",Specialty,$50mm - $100mm,$100k - $250k,3,"$8,734","$9,851"
Owens Distribution,"Debrabury, TX, US",Broadline,$25mm - $50mm,$75k - $100k,2,"$7,469","$7,469"
Daniel Logistics,"North Jillfort, MN, US",Produce,$500mm - $1bn,$50 - $75k,1,"$5,051","$6,485"
Nunez Distribution,"Mcintyreville, ON, Canada",Broadline,$10mm - $25mm,$25k - $50k,1,"$2,317","$2,468"
Joyce Supply Co.,"Kimberlymouth, AB, Canada",Specialty,$50mm - $100mm,$100k - $250k,1,"$10,850","$10,850"
Garcia Enterprises,"New Justin, SK, Canada",Coffee,$250mm - $500mm,$100k - $250k,1,"$18,447","$18,447"
Powell Supply Co.,"Gonzalezberg, CT, US",Broadline,< $10mm,$25k - $50k,2,"$2,741","$2,952"
Morgan Enterprises,"South Geraldmouth, IN, US",Jan-San,$250mm - $500mm,$100k - $250k,2,"$17,267","$17,789"
Hensley Logistics,"Port Evelynmouth, NM, US",C-Store,$50mm - $100mm,$50 - $75k,1,"$5,615","$6,635"
Wright Enterprises,"Jennaside, CT, US",Seafood,< $10mm,< $10k,1,$664,$799
Lee Foods,"Patriciaburgh, OK, US",Seafood,$10mm - $25mm,$50 - $75k,3,"$5,879","$7,013"
West Distribution,"Port Michael, WI, US",Broadline,$50mm - $100mm,$100k - $250k,2,"$8,498","$10,693"
Henderson Distribution,"North Tracie, IA, US",Broadline,< $10mm,$25k - $50k,1,"$2,159","$3,542"
Ramirez Foods,"East Kristy, QC, Canada",Ice Cream,$25mm - $50mm,$75k - $100k,3,"$8,278","$8,612"
Wright Supply Co.,"West Angelastad, SK, Canada",Ice Cream,$10mm - $25mm,$25k - $50k,4,"$3,681","$4,000"
Leblanc Foods,"Laraside, TN, US",Jan-San,$50mm - $100mm,$50 - $75k,1,"$4,308","$4,308"
Ramos Logistics,"New Nicole, RI, US",Produce,< $10mm,$25k - $50k,1,"$3,556","$4,262"
Callahan Logistics,"West Raymondfort, NL, Canada",Produce,$100mm - $250mm,$100k - $250k,2,"$14,199","$24,553"
Pierce Distribution,"Hammondshire, LA, US",C-Store,$500mm - $1bn,$100k - $250k,3,"$18,479","$16,517"
Williams Logistics,"East Teresaland, MD, US",Ice Cream,$500mm - $1bn,$50 - $75k,3,"$6,184","$7,450"
Kidd Distribution,"Owenshaven, NS, Canada",Ice Cream,$50mm - $100mm,$25k - $50k,1,"$3,444","$4,103"
Huff Foods,"Davidside, GA, US",C-Store,< $10mm,$25k - $50k,1,"$2,800","$2,800"
Novak Foods,"Port Tammy, MT, US",Jan-San,$50mm - $100mm,$50 - $75k,2,"$5,297","$5,297"
House Foods,"Shawton, WV, US",Broadline,< $10mm,$25k - $50k,2,"$3,429","$4,335"
Allison Distribution,"New Ericburgh, AK, US",Broadline,< $10mm,$25k - $50k,1,"$3,825","$3,377"
Martin Foods,"West Sarah, ND, US",Ice Cream,$10mm - $25mm,$50 - $75k,3,"$5,989","$7,388"
Tucker Foods,"West Stacey, NE, US",Jan-San,$25mm - $50mm,$25k - $50k,2,"$3,958","$4,253"
Lewis Supply Co.,"Meghanview, HI, US",Broadline,$100mm - $250mm,$100k - $250k,3,"$14,182","$17,068"
Morales Foods,"Lake Stephanie, WA, US",Broadline,$50mm - $100mm,$50 - $75k,3,"$5,385","$6,842"
Brown Logistics,"Davidport, OR, US",Jan-San,$25mm - $50mm,$25k - $50k,2,"$2,254","$2,254"
Gray Distribution,"New Danielleshire, AR, US",Broadline,$10mm - $25mm,$10k - $25k,1,$959,"$1,505"
Galloway Supply Co.,"East Donna, WI, US",Broadline,$1bn+,$100k - $250k,2,"$20,755","$17,521"
Baker Enterprises,"Meganshire, UT, US",Seafood,$25mm - $50mm,$75k - $100k,1,"$8,219","$8,219"
Bowers Distribution,"Port Michelleland, NH, US",C-Store,$25mm - $50mm,$25k - $50k,2,"$2,836","$2,425"
Gibson Logistics,"Lake Kelliview, NY, US",Jan-San,< $10mm,$10k - $25k,1,"$1,229","$1,251"
Henderson Distribution,"Port Ashley, NE, US",Broadline,$100mm - $250mm,$100k - $250k,2,"$17,009","$19,977"
Bernard Logistics,"South Pamelaside, WI, US",C-Store,$50mm - $100mm,$10k - $25k,1,"$1,373","$1,426"
Cowan Logistics,"Dawnport, MN, US",Broadline,$10mm - $25mm,$50 - $75k,1,"$5,661","$7,304"
Peters Enterprises,"Sanchezfurt, ME, US",Produce,< $10mm,$10k - $25k,1,"$1,630","$2,027"
Higgins Distribution,"Shawnton, PA, US",C-Store,$50mm - $100mm,$10k - $25k,1,"$1,509","$1,558"
Moore Enterprises,"South Robert, TX, US",Jan-San,$50mm - $100mm,$100k - $250k,2,"$11,104","$11,104"
Phillips Enterprises,"Harrisberg, IA, US",Coffee,$10mm - $25mm,$10k - $25k,2,"$1,623","$1,583"
Novak Distribution,"Michellemouth, RI, US",Jan-San,$500mm - $1bn,$100k - $250k,2,"$19,657","$23,163"
Riley Foods,"Theresaberg, IN, US",Seafood,< $10mm,$10k - $25k,1,"$1,465","$1,364"
Daniels Foods,"Zacharyville, IN, US",Broadline,$25mm - $50mm,$10k - $25k,1,"$1,428","$1,418"
Adkins Enterprises,"Johnville, WI, US",Produce,$500mm - $1bn,$25k - $50k,1,"$3,398","$3,398"
Brown Supply Co.,"Shannonberg, MA, US",Broadline,$25mm - $50mm,$10k - $25k,1,"$1,836","$1,836"
Silva Enterprises,"North Kellyfurt, NY, US",Broadline,$50mm - $100mm,$25k - $50k,3,"$2,528","$2,528"
Shaw Enterprises,"Wrightburgh, ID, US",Specialty,$10mm - $25mm,$50 - $75k,1,"$5,503","$5,503"
Farrell Enterprises,"Sarahmouth, OH, US",Produce,$10mm - $25mm,$25k - $50k,1,"$3,785","$4,400"
Moore Foods,"Port Erik, NC, US",Ice Cream,$1bn+,$100k - $250k,1,"$11,930","$13,318"
Yu Foods,"Jimenezport, TX, US",Jan-San,$10mm - $25mm,$25k - $50k,1,"$3,365","$3,467"
Miller Foods,"Johnsonfurt, BC, Canada",C-Store,$250mm - $500mm,$250k+,2,"$23,366","$23,366"
Lopez Enterprises,"Levyborough, WV, US",Seafood,$10mm - $25mm,$75k - $100k,2,"$6,442","$7,992"
Larson Supply Co.,"Brandonport, AK, US",Jan-San,$10mm - $25mm,$50 - $75k,1,"$5,223","$5,223"
Leonard Foods,"Harperfort, CA, US",Meat,< $10mm,$25k - $50k,1,"$3,597","$4,585"
Young Distribution,"Amandaville, SK, Canada",Broadline,$50mm - $100mm,$50 - $75k,1,"$4,584","$5,625"
Wilson Distribution,"Andersonview, MT, US",C-Store,$10mm - $25mm,$25k - $50k,1,"$3,132","$3,905"
Zamora Distribution,"Kathrynstad, NE, US",Produce,$100mm - $250mm,$100k - $250k,1,"$11,219","$11,219"
Sanchez Logistics,"South Brettside, MT, US",Broadline,$25mm - $50mm,$75k - $100k,4,"$6,365","$6,779"
Wheeler Enterprises,"West Angela, MA, US",Jan-San,$500mm - $1bn,$100k - $250k,2,"$17,414","$18,791"
Harvey Distribution,"South Williamside, SC, US",Broadline,$10mm - $25mm,$25k - $50k,2,"$3,254","$3,254"
Barnes Enterprises,"Marciaville, VT, US",Specialty,$100mm - $250mm,$100k - $250k,1,"$17,275","$16,555"
Silva Distribution,"North Phillip, BC, Canada",Specialty,$100mm - $250mm,$100k - $250k,1,"$14,591","$17,940"
Mills Supply Co.,"Angelastad, CT, US",Specialty,$100mm - $250mm,$75k - $100k,2,"$8,313","$8,313"
Donovan Enterprises,"East Carrie, PA, US",Produce,$100mm - $250mm,$100k - $250k,2,"$13,066","$16,781"
Harris Distribution,"Porterton, CO, US",Broadline,$50mm - $100mm,$25k - $50k,2,"$4,038","$3,459"
Moran Foods,"East Jenniferfort, MD, US",Specialty,$50mm - $100mm,$25k - $50k,1,"$2,192","$2,771"
Allen Enterprises,"Hernandezhaven, IA, US",Produce,< $10mm,$10k - $25k,2,"$1,738","$2,071"
Foster Logistics,"West Sarah, HI, US",Specialty,< $10mm,$10k - $25k,1,"$1,915","$1,915"
Powers Foods,"Franciscoport, SD, US",Specialty,$250mm - $500mm,$25k - $50k,3,"$2,380","$2,657"
Evans Foods,"Williamhaven, NC, US",Coffee,$50mm - $100mm,$100k - $250k,2,"$9,981","$9,981"
Stewart Logistics,"Ericksonport, WY, US",Produce,$100mm - $250mm,$75k - $100k,2,"$7,080","$7,985"
Walton Foods,"Cabrerastad, WA, US",Produce,$25mm - $50mm,$50 - $75k,1,"$5,601","$5,728"
Jones Foods,"Emilychester, MB, Canada",Coffee,< $10mm,< $10k,2,$765,$773
Ellis Distribution,"Lauratown, GA, US",Produce,< $10mm,$10k - $25k,1,"$1,119","$1,119"
Murillo Distribution,"Bakershire, ID, US",Broadline,$50mm - $100mm,$100k - $250k,1,"$10,798","$13,051"
Ferrell Enterprises,"Lake Brett, WI, US",Seafood,$25mm - $50mm,$50 - $75k,1,"$5,830","$5,319"
Jones Enterprises,"Jacksonfurt, CA, US",Specialty,$10mm - $25mm,$75k - $100k,2,"$6,689","$11,282"
Lewis Enterprises,"Port Erin, WY, US",C-Store,$25mm - $50mm,$100k - $250k,1,"$8,990","$7,987"
Baker Distribution,"New Stacyville, NJ, US",Jan-San,< $10mm,$10k - $25k,1,"$1,807","$1,957"
Mahoney Enterprises,"North Scott, WI, US",Broadline,$25mm - $50mm,$25k - $50k,3,"$3,951","$3,951"
Ibarra Foods,"Hernandezborough, UT, US",Jan-San,$10mm - $25mm,$50 - $75k,1,"$6,115","$6,988"
Suarez Distribution,"Shawfort, SK, Canada",Bakery,$100mm - $250mm,$100k - $250k,2,"$17,477","$28,480"
Wood Enterprises,"Lake Devinborough, SC, US",Broadline,$10mm - $25mm,$50 - $75k,1,"$4,685","$5,231"
Moore Foods,"Whitneyfort, SD, US",Seafood,$25mm - $50mm,$75k - $100k,1,"$7,341","$7,341"
Bass Enterprises,"Edwardsburgh, NH, US",Coffee,< $10mm,$25k - $50k,2,"$3,238","$4,035"
Warner Supply Co.,"Barrmouth, NH, US",C-Store,< $10mm,$10k - $25k,1,"$1,749","$1,591"
Carr Enterprises,"Ericaview, LA, US",C-Store,$10mm - $25mm,$50 - $75k,2,"$4,339","$4,339"
Archer Supply Co.,"Leebury, MN, US",C-Store,$25mm - $50mm,$75k - $100k,2,"$7,648","$7,648"
Valdez Enterprises,"Angelabury, MD, US",Produce,$25mm - $50mm,$75k - $100k,2,"$6,474","$7,646"
Smith Logistics,"Kellieborough, AZ, US",Produce,$10mm - $25mm,$10k - $25k,2,$882,"$1,119"
Montoya Enterprises,"Stewartstad, ME, US",C-Store,$50mm - $100mm,$50 - $75k,1,"$4,770","$6,010"
Evans Distribution,"Keithshire, CO, US",C-Store,$100mm - $250mm,$25k - $50k,1,"$3,589","$3,589"
Alvarado Distribution,"Huangfurt, NC, US",Coffee,$100mm - $250mm,$50 - $75k,2,"$5,028","$6,371"
Mcmillan Supply Co.,"Stephanieberg, PA, US",Specialty,< $10mm,$25k - $50k,2,"$3,670","$3,967"
Taylor Distribution,"Bobbyland, WV, US",Seafood,$25mm - $50mm,$10k - $25k,3,"$2,066","$2,087"
Wilson Foods,"Sandraview, PE, Canada",Seafood,< $10mm,$25k - $50k,3,"$2,284","$2,462"
Rodriguez Logistics,"Lewisside, SK, Canada",C-Store,$10mm - $25mm,$25k - $50k,3,"$3,410","$3,695"
Tran Logistics,"Sarahview, MA, US",Jan-San,$1bn+,$250k+,2,"$31,696","$40,343"
Nelson Foods,"North Christina, NC, US",C-Store,< $10mm,$25k - $50k,1,"$2,373","$2,373"
Jacobs Supply Co.,"East Brent, AR, US",C-Store,$25mm - $50mm,$25k - $50k,2,"$2,668","$3,188"
Robbins Foods,"Lake Jesse, MI, US",Ice Cream,$50mm - $100mm,$25k - $50k,1,"$2,890","$2,961"
Harris Foods,"South Markfort, BC, Canada",Produce,$50mm - $100mm,$25k - $50k,1,"$3,681","$3,831"
Walters Logistics,"Lake Kellitown, ID, US",Produce,$25mm - $50mm,$50 - $75k,3,"$5,418","$5,250"
Baker Enterprises,"South Denise, VA, US",Broadline,< $10mm,$25k - $50k,3,"$2,397","$2,850"
Freeman Logistics,"Woodsborough, NH, US",Jan-San,$10mm - $25mm,$75k - $100k,1,"$6,673","$8,145"
Whitehead Logistics,"Manuelton, SC, US",Broadline,$25mm - $50mm,$50 - $75k,1,"$4,657","$5,858"
Mathis Distribution,"Lake Audreyside, MS, US",Meat,< $10mm,< $10k,1,$713,$713
Davis Foods,"East Robertburgh, ON, Canada",Seafood,$10mm - $25mm,$50 - $75k,3,"$5,592","$7,170"
Henderson Logistics,"Port Randyfort, MI, US",Produce,< $10mm,$25k - $50k,3,"$2,523","$2,676"
Hill Foods,"Lake Suzanne, AR, US",Jan-San,< $10mm,$25k - $50k,1,"$2,790","$3,049"
Smith Distribution,"Nancytown, TN, US",Broadline,$10mm - $25mm,$25k - $50k,1,"$2,497","$2,678"
Wise Foods,"Ashleyville, MI, US",Broadline,< $10mm,$25k - $50k,3,"$3,056","$3,385"
Walsh Logistics,"Justinside, UT, US",C-Store,$25mm - $50mm,$75k - $100k,1,"$7,154","$13,882"
Green Foods,"Smallberg, KY, US",Produce,$50mm - $100mm,$100k - $250k,2,"$11,215","$13,150"
Figueroa Distribution,"Nelsonville, TX, US",Broadline,$100mm - $250mm,$50 - $75k,4,"$6,047","$7,387"
Arnold Enterprises,"Franciscomouth, SK, Canada",Seafood,$10mm - $25mm,$25k - $50k,1,"$2,843","$2,843"
Patterson Foods,"Jennifertown, NS, Canada",C-Store,< $10mm,$25k - $50k,2,"$2,129","$1,920"
Smith Logistics,"Krystalshire, TX, US",Broadline,< $10mm,$25k - $50k,1,"$3,746","$3,746"
Jones Distribution,"East Cheryl, MN, US",Jan-San,$50mm - $100mm,$100k - $250k,1,"$10,925","$10,925"
Ware Logistics,"Wilcoxhaven, TN, US",Broadline,$50mm - $100mm,$25k - $50k,3,"$2,717","$3,587"
Mckee Logistics,"Christopherville, MT, US",Broadline,< $10mm,$10k - $25k,1,$969,$987
Gardner Foods,"East Thomas, VA, US",Seafood,$250mm - $500mm,$100k - $250k,4,"$13,397","$15,559"
Davenport Logistics,"North Jose, NL, Canada",Seafood,< $10mm,$10k - $25k,2,$879,"$1,586"
Aguilar Foods,"South Karen, TN, US",Jan-San,$25mm - $50mm,$25k - $50k,1,"$3,699","$3,938"
Hernandez Enterprises,"Kevinshire, FL, US",C-Store,$50mm - $100mm,$25k - $50k,1,"$2,717","$4,906"
Anderson Logistics,"West Desireebury, WV, US",Specialty,$100mm - $250mm,$100k - $250k,1,"$11,582","$11,582"
Parker Logistics,"Lake Davidport, QC, Canada",Seafood,$50mm - $100mm,$100k - $250k,1,"$11,450","$14,234"
Nolan Logistics,"South Gina, TX, US",Produce,$100mm - $250mm,$100k - $250k,1,"$17,447","$17,447"
Flynn Supply Co.,"Hannahport, MS, US",C-Store,$10mm - $25mm,$25k - $50k,1,"$3,095","$4,916"
Valencia Supply Co.,"Christinabury, MD, US",Broadline,$100mm - $250mm,$100k - $250k,1,"$10,980","$9,341"
Nolan Distribution,"South Eric, IN, US",Meat,< $10mm,$25k - $50k,2,"$3,498","$3,922"
Clark Supply Co.,"Robertside, WY, US",Broadline,$250mm - $500mm,$50 - $75k,2,"$4,702","$5,658"
Wright Distribution,"Toddborough, IA, US",Broadline,$25mm - $50mm,$75k - $100k,2,"$6,485","$7,972"
Garcia Supply Co.,"Lake Karen, MB, Canada",Specialty,$100mm - $250mm,$75k - $100k,1,"$7,888","$10,235"
Deleon Enterprises,"New Seanstad, CT, US",C-Store,$25mm - $50mm,$25k - $50k,1,"$2,570","$2,392"
Henson Distribution,"New Danielside, OH, US",C-Store,$50mm - $100mm,$50 - $75k,2,"$5,490","$6,167"
Russell Supply Co.,"New Amanda, QC, Canada",Produce,$25mm - $50mm,$10k - $25k,2,"$1,515","$1,591"
Oliver Enterprises,"West Melissa, MI, US",Broadline,$50mm - $100mm,$100k - $250k,1,"$8,680","$9,211"
Moore Supply Co.,"Wilsonborough, SK, Canada",Broadline,< $10mm,$25k - $50k,3,"$2,356","$2,846"
Spears Foods,"Davishaven, MO, US",Broadline,< $10mm,$10k - $25k,2,"$1,595","$2,033"
Hancock Foods,"Stokesmouth, ID, US",Seafood,$10mm - $25mm,$10k - $25k,2,"$1,507","$1,388"
Cherry Enterprises,"New Robert, SK, Canada",C-Store,< $10mm,$25k - $50k,1,"$3,527","$3,718"
Cochran Logistics,"New Stevenport, MB, Canada",Jan-San,$100mm - $250mm,$100k - $250k,2,"$9,263","$10,056"
Keith Logistics,"South Jonathantown, AZ, US",Broadline,$10mm - $25mm,$50 - $75k,2,"$4,326","$4,326"
Johnson Foods,"New Charles, UT, US",Specialty,$500mm - $1bn,$100k - $250k,2,"$20,222","$22,982"
Doyle Foods,"Cooperland, NH, US",C-Store,$10mm - $25mm,$25k - $50k,2,"$3,316","$3,316"
Cook Logistics,"North Valeriefort, WI, US",Seafood,$10mm - $25mm,$25k - $50k,3,"$2,801","$2,638"
Galvan Distribution,"West Robertberg, NH, US",Jan-San,$100mm - $250mm,$100k - $250k,2,"$13,356","$14,292"
Pham Logistics,"Brooksfurt, KS, US",Produce,$50mm - $100mm,$25k - $50k,1,"$2,485","$3,034"
Shields Supply Co.,"Kanefurt, NM, US",Broadline,$25mm - $50mm,$10k - $25k,2,"$1,741","$1,741"
Cochran Distribution,"Millerside, NB, Canada",Produce,$25mm - $50mm,$75k - $100k,2,"$6,652","$6,668"
Adams Supply Co.,"Lake Michelle, OR, US",C-Store,$50mm - $100mm,$25k - $50k,2,"$3,376","$3,376"
Cobb Foods,"East Victoriafurt, PE, Canada",Broadline,$10mm - $25mm,$25k - $50k,1,"$2,667","$3,099"
Rodriguez Distribution,"Lake Tiffany, WY, US",Broadline,$1bn+,$100k - $250k,1,"$15,569","$19,276"
Brennan Supply Co.,"Port Andrewport, ND, US",Broadline,$500mm - $1bn,$100k - $250k,3,"$16,379","$17,687"
Garrison Supply Co.,"Nunezside, HI, US",Broadline,$50mm - $100mm,$100k - $250k,2,"$8,824","$10,420"
Walker Distribution,"Patelbury, SK, Canada",Coffee,$10mm - $25mm,$50 - $75k,3,"$5,042","$5,042"
Velasquez Enterprises,"South Michael, KY, US",C-Store,$50mm - $100mm,$75k - $100k,2,"$8,124","$8,124"
Stevens Logistics,"Jacobville, NM, US",Meat,< $10mm,$25k - $50k,2,"$3,001","$2,600"
Torres Supply Co.,"Port Donnatown, QC, Canada",Broadline,< $10mm,$10k - $25k,2,"$1,529","$1,830"
Pope Logistics,"East Carlos, QC, Canada",Meat,$10mm - $25mm,$25k - $50k,3,"$3,476","$3,941"
Perez Logistics,"South Carlaton, NL, Canada",Meat,$25mm - $50mm,$50 - $75k,2,"$4,448","$4,910"
Johnson Foods,"Lake Bradley, HI, US",Broadline,$100mm - $250mm,$50 - $75k,2,"$6,239","$6,239"
Lee Logistics,"Youngborough, NC, US",Meat,$50mm - $100mm,$100k - $250k,1,"$11,836","$14,804"
Murphy Supply Co.,"East Williamport, NV, US",Produce,$50mm - $100mm,$100k - $250k,2,"$9,973","$8,460"
Lin Foods,"Port Sabrina, IA, US",Jan-San,$25mm - $50mm,$25k - $50k,2,"$2,234","$2,449"
Rasmussen Distribution,"Barbaramouth, NS, Canada",Jan-San,$10mm - $25mm,< $10k,1,$785,$809
Ramirez Supply Co.,"West Nancy, ON, Canada",Broadline,$10mm - $25mm,$10k - $25k,1,"$1,017","$1,039"
May Foods,"South Kevin, NC, US",Produce,$1bn+,$100k - $250k,1,"$9,212","$12,583"
Ross Foods,"New Stacyburgh, MO, US",Jan-San,< $10mm,$10k - $25k,1,$907,"$1,066"
Zavala Logistics,"Peterston, NS, Canada",Seafood,$100mm - $250mm,$100k - $250k,1,"$9,912","$9,810"
Herrera Distribution,"Shellyfurt, MA, US",Coffee,$25mm - $50mm,$75k - $100k,1,"$7,850","$7,321"
Crosby Supply Co.,"Heatherchester, NS, Canada",Jan-San,$25mm - $50mm,$75k - $100k,3,"$7,105","$6,034"
Wilson Supply Co.,"West Nicholas, FL, US",Broadline,$50mm - $100mm,$25k - $50k,2,"$3,450","$3,755"
Waller Logistics,"Allenbury, NM, US",Broadline,$25mm - $50mm,$25k - $50k,1,"$4,134","$7,584"
White Distribution,"Meredithberg, FL, US",Jan-San,$100mm - $250mm,$100k - $250k,1,"$9,498","$9,498"
Estes Supply Co.,"Melendezside, NM, US",Broadline,$250mm - $500mm,$100k - $250k,2,"$20,635","$20,635"
Baker Distribution,"Faulknerside, AL, US",Jan-San,$25mm - $50mm,$75k - $100k,1,"$7,697","$6,549"
Rodriguez Supply Co.,"South John, AB, Canada",Specialty,$10mm - $25mm,$75k - $100k,3,"$6,531","$7,012"
Hamilton Logistics,"West Deborah, GA, US",Jan-San,$25mm - $50mm,$50 - $75k,2,"$5,025","$6,124"
Chandler Enterprises,"Booneland, WA, US",Produce,$250mm - $500mm,$100k - $250k,2,"$17,968","$15,281"
Edwards Supply Co.,"North Joseph, NV, US",Jan-San,$10mm - $25mm,$10k - $25k,1,"$1,449","$1,449"
Obrien Foods,"Port Charlesshire, ME, US",Meat,$50mm - $100mm,$75k - $100k,2,"$7,262","$7,262"
Dixon Foods,"South Jason, DE, US",Seafood,$50mm - $100mm,$25k - $50k,1,"$3,811","$3,508"
Cruz Enterprises,"Kevintown, NE, US",Specialty,$50mm - $100mm,$50 - $75k,3,"$6,204","$5,942"
Ray Supply Co.,"East Suzanne, SC, US",Produce,< $10mm,$25k - $50k,2,"$2,722","$3,147"
Scott Foods,"Lake Yvonnefort, DE, US",Specialty,$50mm - $100mm,$25k - $50k,1,"$3,901","$3,901"
Fletcher Foods,"Lake Cassandra, PE, Canada",Ice Cream,$250mm - $500mm,$25k - $50k,1,"$3,200","$3,200"
Smith Supply Co.,"South Rose, AK, US",Broadline,$10mm - $25mm,< $10k,1,$814,$814
Frost Distribution,"Kimberlyfurt, OR, US",Broadline,$10mm - $25mm,$10k - $25k,2,$889,"$1,134"
Ryan Supply Co.,"Fergusonstad, GA, US",Broadline,$500mm - $1bn,$25k - $50k,1,"$2,234","$2,662"
Ball Distribution,"Josehaven, AL, US",Broadline,$10mm - $25mm,$10k - $25k,2,"$1,440","$1,514"
Harmon Enterprises,"Owensfort, KS, US",Broadline,$100mm - $250mm,$50 - $75k,1,"$5,134","$6,186"
Lambert Logistics,"Robinstad, ID, US",Jan-San,$25mm - $50mm,$25k - $50k,2,"$2,692","$3,037"
Diaz Enterprises,"Robertshire, CO, US",Broadline,$10mm - $25mm,$75k - $100k,3,"$6,931","$11,881"
Jones Logistics,"Lake Dustin, MS, US",Produce,$100mm - $250mm,$50 - $75k,2,"$6,216","$7,584"
Beck Foods,"Angelashire, ND, US",Coffee,$25mm - $50mm,$10k - $25k,2,"$1,932","$2,231"
Rivera Foods,"Phillipsborough, NC, US",Broadline,$25mm - $50mm,$50 - $75k,1,"$5,319","$6,618"
Edwards Foods,"Jerryshire, MO, US",C-Store,$10mm - $25mm,$50 - $75k,1,"$6,112","$7,436"
Charles Distribution,"South Andrea, AB, Canada",Produce,$25mm - $50mm,$75k - $100k,2,"$6,392","$11,062"
Cortez Logistics,"Jonathanfort, MS, US",Broadline,< $10mm,$10k - $25k,1,"$1,542","$1,612"
Evans Foods,"Murraystad, AK, US",C-Store,$10mm - $25mm,$50 - $75k,1,"$4,260","$8,031"
Parker Supply Co.,"East Jennifer, CA, US",Jan-San,$500mm - $1bn,$250k+,1,"$22,016","$28,197"
Ortiz Logistics,"Whiteside, WA, US",Coffee,$10mm - $25mm,$50 - $75k,1,"$5,301","$5,518"
Powell Logistics,"New Arthurland, CT, US",C-Store,$50mm - $100mm,$100k - $250k,1,"$8,365","$13,734"
Phillips Distribution,"Port Adamberg, WV, US",C-Store,$10mm - $25mm,$75k - $100k,3,"$6,328","$6,820"
Martinez Enterprises,"North Jasmine, FL, US",Produce,$100mm - $250mm,$100k - $250k,1,"$15,388","$15,388"
Fisher Distribution,"East Williamstad, OH, US",Broadline,< $10mm,$25k - $50k,2,"$2,529","$3,102"
Bentley Foods,"New Danafort, TN, US",C-Store,$500mm - $1bn,$100k - $250k,1,"$14,036","$17,075"
Byrd Supply Co.,"Smithside, WY, US",C-Store,$25mm - $50mm,$50 - $75k,2,"$6,097","$6,354"
Orr Supply Co.,"Smithhaven, VT, US",Bakery,$10mm - $25mm,$50 - $75k,1,"$5,864","$7,407"
Gilbert Foods,"Amandaport, ID, US",Produce,< $10mm,$10k - $25k,3,"$1,812","$1,911"
Turner Supply Co.,"New Lisachester, BC, Canada",Produce,< $10mm,$25k - $50k,3,"$3,982","$4,935"
Kelley Distribution,"North Samantha, NJ, US",C-Store,$25mm - $50mm,$25k - $50k,1,"$2,381","$2,708"
Smith Distribution,"East James, IL, US",Produce,$10mm - $25mm,$50 - $75k,3,"$4,245","$4,245"
Mitchell Foods,"Lisaview, IL, US",Specialty,$100mm - $250mm,$100k - $250k,4,"$15,516","$23,737"
Jordan Supply Co.,"Millerfurt, NS, Canada",Coffee,$25mm - $50mm,$25k - $50k,3,"$3,420","$3,420"
Carpenter Logistics,"Cunninghambury, QC, Canada",Produce,$10mm - $25mm,$50 - $75k,3,"$4,279","$4,279"
Pena Enterprises,"Gabriellaland, OH, US",C-Store,$50mm - $100mm,$25k - $50k,1,"$2,545","$2,666"
Marshall Logistics,"North Richardfurt, AZ, US",C-Store,$50mm - $100mm,$50 - $75k,2,"$5,406","$5,678"
Ramos Distribution,"Browntown, IL, US",Broadline,< $10mm,$10k - $25k,1,"$1,127","$1,350"
Lewis Distribution,"North Vincent, WY, US",Ice Cream,< $10mm,$10k - $25k,1,"$1,778","$2,996"
Kennedy Distribution,"Newmanmouth, TN, US",Seafood,< $10mm,$25k - $50k,4,"$2,747","$2,848"
Santana Distribution,"New Samanthabury, DE, US",C-Store,$50mm - $100mm,$100k - $250k,1,"$11,926","$12,329"
Flynn Enterprises,"Port Heather, NV, US",Produce,$50mm - $100mm,$100k - $250k,2,"$11,943","$12,203"
Jackson Foods,"Nelsonland, PE, Canada",Ice Cream,$25mm - $50mm,$25k - $50k,3,"$2,626","$3,213"
Miller Distribution,"Rachelshire, ON, Canada",Produce,$100mm - $250mm,$100k - $250k,3,"$13,198","$11,319"
Robertson Supply Co.,"East Sarahmouth, ID, US",Broadline,$100mm - $250mm,$25k - $50k,4,"$2,802","$2,802"
Schultz Enterprises,"East Brendafurt, NY, US",Ice Cream,$25mm - $50mm,$10k - $25k,1,"$1,145","$1,165"
Rogers Distribution,"West Franciscobury, ND, US",Broadline,$100mm - $250mm,$25k - $50k,1,"$2,953","$3,449"
Cardenas Supply Co.,"Rhodesside, CO, US",Produce,$10mm - $25mm,$75k - $100k,1,"$6,784","$6,957"
Potter Distribution,"Patrickberg, CO, US",Specialty,< $10mm,$25k - $50k,1,"$3,794","$3,794"
Chambers Foods,"New Juliestad, ID, US",Specialty,$10mm - $25mm,$10k - $25k,1,"$1,962","$3,792"
Walker Enterprises,"North Samuelland, MA, US",Jan-San,< $10mm,$10k - $25k,1,"$1,073","$1,364"
Gonzalez Foods,"Cassiefurt, MA, US",Jan-San,$25mm - $50mm,$25k - $50k,2,"$2,848","$3,445"
Johnson Enterprises,"Anthonyview, MD, US",Meat,$250mm - $500mm,$100k - $250k,2,"$13,858","$17,708"
Sanchez Distribution,"Henrystad, VA, US",Produce,< $10mm,$25k - $50k,1,"$2,497","$2,497"
Alvarez Distribution,"Reynoldsshire, VT, US",Produce,< $10mm,$10k - $25k,2,"$1,281","$1,593"
Atkinson Enterprises,"Millerport, NH, US",Jan-San,$25mm - $50mm,$75k - $100k,1,"$7,029","$8,776"
Jones Supply Co.,"Lake Charles, MN, US",C-Store,$250mm - $500mm,$100k - $250k,1,"$9,120","$10,678"
Perry Supply Co.,"Ericberg, NV, US",C-Store,$10mm - $25mm,$75k - $100k,2,"$6,513","$7,111"
Soto Distribution,"Stewartville, AR, US",C-Store,$25mm - $50mm,$50 - $75k,2,"$6,219","$5,949"
Lee Distribution,"North Sherrymouth, SD, US",Broadline,< $10mm,$10k - $25k,2,"$2,031","$2,231"
Horton Foods,"Kathleenville, NC, US",Meat,< $10mm,$25k - $50k,1,"$3,266","$3,882"
Snyder Distribution,"North Jacob, MB, Canada",Broadline,$1bn+,$250k+,3,"$45,643","$64,853"
Sanchez Enterprises,"Hawkinshaven, MB, Canada",Seafood,$500mm - $1bn,$100k - $250k,2,"$11,295","$12,172"
Douglas Supply Co.,"Garcialand, PE, Canada",Meat,< $10mm,$10k - $25k,2,"$1,694","$1,931"
Smith Supply Co.,"Angelamouth, CA, US",Ice Cream,$500mm - $1bn,$250k+,2,"$31,951","$34,184"
Potter Foods,"Smithchester, TN, US",Produce,$50mm - $100mm,$25k - $50k,3,"$3,480","$5,959"
Carrillo Supply Co.,"Maxwellside, MO, US",Broadline,$100mm - $250mm,$10k - $25k,2,"$1,925","$1,925"
Rodriguez Supply Co.,"New Adriana, AB, Canada",Broadline,$25mm - $50mm,$50 - $75k,2,"$4,578","$5,846"
Coleman Logistics,"Jacksonview, UT, US",C-Store,$25mm - $50mm,$75k - $100k,4,"$7,608","$9,316"
Thompson Enterprises,"Josephberg, MS, US",Jan-San,$25mm - $50mm,$75k - $100k,2,"$7,151","$12,631"
Rubio Logistics,"East Ryanchester, WI, US",Broadline,$50mm - $100mm,$100k - $250k,1,"$11,123","$13,067"
Holmes Supply Co.,"Toddland, FL, US",Broadline,< $10mm,$25k - $50k,2,"$2,369","$2,138"
Williams Foods,"Johnathanbury, MT, US",C-Store,< $10mm,$10k - $25k,1,$857,$905
Wright Foods,"Wheelerborough, LA, US",Broadline,$10mm - $25mm,$50 - $75k,1,"$4,429","$4,429"
Charles Supply Co.,"Rodriguezport, DE, US",C-Store,$50mm - $100mm,$100k - $250k,2,"$9,585","$9,585"
Bryant Distribution,"South Martinfurt, ID, US",C-Store,$10mm - $25mm,$25k - $50k,3,"$2,285","$2,899"
Solis Logistics,"Scottchester, MO, US",Broadline,$50mm - $100mm,$25k - $50k,3,"$3,561","$3,384"
Contreras Supply Co.,"West Malik, BC, Canada",Broadline,$500mm - $1bn,$25k - $50k,1,"$2,344","$2,408"
Travis Foods,"South Leon, KY, US",Bakery,< $10mm,$25k - $50k,2,"$2,581","$3,161"
Larson Foods,"Novakport, IN, US",Produce,$50mm - $100mm,$100k - $250k,1,"$10,765","$11,333"
Dodson Logistics,"Faulknerbury, NL, Canada",Produce,$25mm - $50mm,$75k - $100k,4,"$6,695","$6,695"
Vance Enterprises,"Nicholasfurt, NY, US",C-Store,$100mm - $250mm,$100k - $250k,4,"$17,222","$19,143"
Salazar Supply Co.,"Danielshire, FL, US",Specialty,< $10mm,< $10k,2,$727,$960
Ball Supply Co.,"New Wendy, PE, Canada",Bakery,$50mm - $100mm,$100k - $250k,3,"$11,011","$11,463"
Wagner Enterprises,"Lake Katrina, VA, US",C-Store,$100mm - $250mm,$100k - $250k,2,"$14,477","$13,975"
Rivas Logistics,"Lake Stevenborough, CO, US",Produce,$500mm - $1bn,$100k - $250k,2,"$12,056","$11,925"
Kelley Logistics,"Salinasland, NS, Canada",Broadline,$50mm - $100mm,$100k - $250k,1,"$11,711","$14,019"
Merritt Foods,"Chambersberg, VA, US",C-Store,$25mm - $50mm,$25k - $50k,1,"$3,232","$4,044"
Manning Enterprises,"Johnberg, OH, US",Seafood,$50mm - $100mm,$100k - $250k,2,"$10,793","$9,988"
Wells Logistics,"Mccormickland, MD, US",Produce,$100mm - $250mm,$100k - $250k,2,"$15,561","$29,756"
Green Distribution,"Ewingfort, MB, Canada",Ice Cream,$25mm - $50mm,$75k - $100k,1,"$7,037","$6,737"
Wright Supply Co.,"Fergusonchester, NC, US",Broadline,< $10mm,$25k - $50k,3,"$3,040","$2,842"
Walsh Foods,"Port Tanyaside, IL, US",Meat,$250mm - $500mm,$50 - $75k,1,"$4,760","$4,975"
Cannon Enterprises,"North Kaylastad, KS, US",Broadline,$50mm - $100mm,$75k - $100k,2,"$6,898","$8,183"
Boyd Foods,"Lake Cheyenne, AK, US",Meat,$50mm - $100mm,$50 - $75k,2,"$4,989","$4,570"
Sims Logistics,"Rasmussenmouth, OR, US",Broadline,$10mm - $25mm,$50 - $75k,2,"$5,701","$5,701"
Hill Logistics,"Rodriguezville, OK, US",Broadline,$50mm - $100mm,$100k - $250k,2,"$9,364","$8,215"
Jones Distribution,"Jeffreyhaven, CO, US",Broadline,$10mm - $25mm,$75k - $100k,1,"$6,441","$7,913"
Mitchell Supply Co.,"South Neil, MT, US",Jan-San,$50mm - $100mm,$10k - $25k,1,"$1,262","$1,262"
Nelson Enterprises,"Bartonshire, PE, Canada",C-Store,< $10mm,$25k - $50k,2,"$3,333","$3,879"
Flores Foods,"West Whitney, WY, US",Jan-San,$50mm - $100mm,$100k - $250k,2,"$11,329","$19,705"
Fernandez Supply Co.,"Garciachester, OR, US",Specialty,$1bn+,$250k+,1,"$24,206","$30,997"
Taylor Logistics,"North Marieberg, MA, US",Produce,< $10mm,$10k - $25k,2,$962,"$1,048"
Hall Supply Co.,"Larrymouth, NH, US",Produce,$500mm - $1bn,$50 - $75k,1,"$4,276","$6,634"
Benson Foods,"New Timothy, ND, US",Coffee,$10mm - $25mm,$10k - $25k,2,$880,$754
Mccarthy Supply Co.,"Davismouth, WY, US",Broadline,$100mm - $250mm,$100k - $250k,3,"$11,671","$13,812"
Brown Logistics,"Carloston, PA, US",Specialty,$100mm - $250mm,$100k - $250k,1,"$11,478","$12,093"
Russell Supply Co.,"North Melindaville, FL, US",Broadline,$25mm - $50mm,$100k - $250k,1,"$8,894","$9,898"
Daniels Enterprises,"Lake John, AR, US",Specialty,$50mm - $100mm,$50 - $75k,2,"$5,439","$6,202"
Perry Supply Co.,"New Ethan, QC, Canada",Broadline,$100mm - $250mm,$75k - $100k,2,"$6,637","$7,472"
Clark Enterprises,"Mullenbury, HI, US",Ice Cream,$10mm - $25mm,$50 - $75k,2,"$4,653","$4,487"
Fisher Supply Co.,"Sotoburgh, VA, US",Seafood,$10mm - $25mm,$50 - $75k,3,"$6,093","$6,093"
Stein Logistics,"Fosterborough, ND, US",Bakery,$50mm - $100mm,$100k - $250k,3,"$11,355","$11,355"
Silva Distribution,"Vargasfurt, BC, Canada",Broadline,$100mm - $250mm,$100k - $250k,4,"$14,448","$14,448"
Dominguez Distribution,"Lake Jasonview, SD, US",Seafood,$50mm - $100mm,$50 - $75k,2,"$5,751","$7,346"
Gates Enterprises,"New Cristianside, NL, Canada",Specialty,$100mm - $250mm,$100k - $250k,2,"$11,564","$14,208"
Cannon Enterprises,"West Mark, MD, US",Seafood,$25mm - $50mm,$75k - $100k,1,"$7,836","$8,968"
James Distribution,"Wilsonfort, CO, US",Jan-San,$100mm - $250mm,$100k - $250k,1,"$9,217","$7,964"
Smith Logistics,"Candicefurt, HI, US",C-Store,< $10mm,$10k - $25k,2,"$1,264","$1,604"
Bell Logistics,"West Michaelmouth, PA, US",Meat,$25mm - $50mm,$25k - $50k,1,"$2,275","$2,368"
Molina Supply Co.,"Port Emily, TX, US",Jan-San,< $10mm,$10k - $25k,3,"$1,800","$1,936"
Castaneda Enterprises,"Samanthashire, RI, US",Jan-San,$10mm - $25mm,$50 - $75k,2,"$5,239","$4,670"
Ashley Logistics,"Lake Dennisville, OR, US",Ice Cream,$10mm - $25mm,$10k - $25k,2,"$1,444","$1,214"
Barnes Foods,"West Daryl, AK, US",Broadline,$10mm - $25mm,$25k - $50k,1,"$2,274","$2,299"
Adkins Supply Co.,"Heatherhaven, TN, US",Produce,$50mm - $100mm,$50 - $75k,1,"$4,347","$5,630"
Payne Supply Co.,"Barnesberg, KY, US",Specialty,$10mm - $25mm,$50 - $75k,1,"$4,252","$4,833"
Morrison Distribution,"Hendersonfort, WY, US",Ice Cream,$25mm - $50mm,$25k - $50k,1,"$4,123","$4,568"
Walker Enterprises,"New Garrett, SC, US",Meat,$10mm - $25mm,$50 - $75k,1,"$4,967","$5,403"
Robinson Logistics,"Donaldmouth, NY, US",Jan-San,$10mm - $25mm,$10k - $25k,2,"$1,098","$1,155"
Graham Logistics,"Harveystad, QC, Canada",Broadline,$10mm - $25mm,$25k - $50k,3,"$2,444","$3,025"
Johnson Supply Co.,"South Derrickfurt, MD, US",Broadline,< $10mm,$25k - $50k,3,"$2,898","$3,729"
Rogers Enterprises,"Ortizfort, UT, US",Meat,$25mm - $50mm,$25k - $50k,2,"$3,629","$3,329"
Shelton Enterprises,"Mckinneymouth, NJ, US",Produce,$50mm - $100mm,$50 - $75k,1,"$4,324","$5,560"
Powell Enterprises,"Jacksonshire, AR, US",Jan-San,$50mm - $100mm,$25k - $50k,3,"$2,484","$3,098"
Martin Distribution,"Port Kathleenport, NE, US",Broadline,$25mm - $50mm,$75k - $100k,3,"$8,249","$9,440"
Mcdonald Logistics,"West Jeffreyport, IN, US",Specialty,$10mm - $25mm,$50 - $75k,1,"$5,074","$6,100"
Anderson Enterprises,"Port Stephen, GA, US",Bakery,$100mm - $250mm,$25k - $50k,2,"$3,218","$3,218"
Dean Distribution,"Dunnville, VA, US",C-Store,$25mm - $50mm,$10k - $25k,1,"$1,427","$1,613"
Johnson Foods,"West Kimberlystad, MN, US",Seafood,$25mm - $50mm,$100k - $250k,3,"$8,819","$10,297"
Long Supply Co.,"Port Jenniferside, MB, Canada",Produce,< $10mm,$25k - $50k,4,"$3,362","$3,421"
Elliott Logistics,"South Curtis, NC, US",C-Store,$10mm - $25mm,$25k - $50k,1,"$3,359","$6,004"
Johnson Logistics,"West Nancy, MA, US",Jan-San,$10mm - $25mm,$50 - $75k,3,"$5,449","$5,535"
Day Supply Co.,"South Joseland, DE, US",Broadline,$10mm - $25mm,$50 - $75k,2,"$5,477","$6,820"
Taylor Foods,"Grimesville, KS, US",Specialty,$25mm - $50mm,$75k - $100k,4,"$7,460","$9,306"
Murray Distribution,"East Lisa, AR, US",C-Store,$25mm - $50mm,$50 - $75k,1,"$4,771","$5,110"
Williams Supply Co.,"Michellechester, MO, US",Specialty,$25mm - $50mm,$50 - $75k,3,"$4,895","$4,895"
Gray Distribution,"New Donald, ON, Canada",C-Store,$100mm - $250mm,$10k - $25k,1,"$1,419","$1,557"
Lewis Distribution,"Port Jamie, HI, US",Jan-San,$100mm - $250mm,$100k - $250k,1,"$16,306","$16,306"
Murphy Distribution,"New Michaelview, SK, Canada",Produce,$50mm - $100mm,$75k - $100k,1,"$7,676","$8,784"
Juarez Foods,"West Tiffany, IL, US",Specialty,$500mm - $1bn,$100k - $250k,4,"$8,501","$7,486"
Gray Foods,"Keithview, NY, US",Coffee,< $10mm,$25k - $50k,3,"$3,823","$4,153"
Walton Distribution,"East Sydneychester, PE, Canada",Broadline,$10mm - $25mm,$75k - $100k,3,"$6,558","$5,781"
Decker Enterprises,"West Michelleberg, MD, US",Broadline,< $10mm,$25k - $50k,3,"$3,976","$3,976"
King Logistics,"East Dustin, CO, US",Produce,$50mm - $100mm,$100k - $250k,1,"$10,627","$11,577"
Miller Foods,"Mariafurt, QC, Canada",C-Store,$250mm - $500mm,$250k+,1,"$24,949","$25,364"
Smith Enterprises,"Thomasview, KS, US",Bakery,$10mm - $25mm,$25k - $50k,1,"$2,279","$2,281"
Ryan Enterprises,"Brooksland, MN, US",Broadline,$250mm - $500mm,$250k+,1,"$21,372","$22,020"
Cooke Logistics,"South Zacharyview, ME, US",Jan-San,< $10mm,$25k - $50k,1,"$3,382","$4,186"
Bell Distribution,"Shawnfort, TN, US",Produce,$250mm - $500mm,$75k - $100k,1,"$7,312","$14,426"
Santos Enterprises,"Brandiland, ME, US",Specialty,$10mm - $25mm,$10k - $25k,1,"$1,365","$1,540"
Harrington Enterprises,"Reidstad, CT, US",Coffee,< $10mm,$25k - $50k,1,"$3,928","$4,532"
Pearson Enterprises,"Port Amandaborough, KY, US",C-Store,$25mm - $50mm,$25k - $50k,1,"$3,298","$3,443"
Webster Distribution,"Summersfort, WI, US",Meat,$10mm - $25mm,$50 - $75k,1,"$6,193","$6,193"
Herring Distribution,"Marcusport, AZ, US",Produce,$10mm - $25mm,$10k - $25k,4,"$2,021","$2,355"
Gonzalez Foods,"Amyberg, OR, US",Broadline,$10mm - $25mm,$10k - $25k,2,$881,"$1,235"
Smith Foods,"Kramerton, MS, US",Broadline,$100mm - $250mm,$100k - $250k,4,"$9,221","$10,912"
Hernandez Enterprises,"North Conniemouth, CA, US",Coffee,$25mm - $50mm,$25k - $50k,1,"$2,834","$3,627"
Martinez Distribution,"North Sarahburgh, NH, US",C-Store,$10mm - $25mm,$50 - $75k,1,"$5,062","$4,863"
Caldwell Distribution,"Bryantchester, LA, US",Bakery,$25mm - $50mm,$50 - $75k,2,"$5,481","$4,643"
Elliott Logistics,"Lake Regina, SK, Canada",Bakery,$50mm - $100mm,$10k - $25k,1,"$1,945","$1,958"
Robinson Enterprises,"Erikview, DE, US",Seafood,$10mm - $25mm,$10k - $25k,1,"$1,766","$1,965"
Lyons Foods,"Lake Michaelland, CT, US",C-Store,$10mm - $25mm,$25k - $50k,1,"$3,175","$3,281"
Wang Logistics,"Elizabethburgh, MI, US",Specialty,< $10mm,$10k - $25k,1,"$1,156","$1,278"
Jackson Distribution,"South Conniebury, MS, US",Coffee,$10mm - $25mm,$50 - $75k,1,"$5,701","$5,998"
Lawson Foods,"Riosville, IL, US",Broadline,$50mm - $100mm,$50 - $75k,1,"$5,635","$6,266"
Adkins Enterprises,"East Thomasberg, MT, US",Meat,$10mm - $25mm,$10k - $25k,2,"$1,334","$1,501"
Wilson Distribution,"New Erin, AZ, US",Broadline,$25mm - $50mm,$50 - $75k,1,"$4,823","$5,258"
Weiss Enterprises,"North Heatherville, VA, US",Specialty,$50mm - $100mm,$25k - $50k,1,"$2,090","$2,502"
Oconnell Logistics,"Bensonfort, NM, US",Jan-San,< $10mm,$25k - $50k,3,"$2,084","$2,084"
Rodriguez Logistics,"East Patrickville, GA, US",Broadline,$25mm - $50mm,$25k - $50k,1,"$2,841","$2,319"
Johnson Logistics,"West Michaelport, NC, US",Jan-San,$10mm - $25mm,$50 - $75k,1,"$6,122","$6,858"
Collins Supply Co.,"South Kiara, SC, US",Jan-San,$500mm - $1bn,$250k+,3,"$31,588","$31,588"
Byrd Enterprises,"Lake Victoria, MT, US",Produce,$25mm - $50mm,$75k - $100k,1,"$7,593","$8,031"
Rubio Logistics,"North Alyssa, NL, Canada",Broadline,$100mm - $250mm,$75k - $100k,1,"$6,672","$7,214"
Sanders Logistics,"New Debramouth, NC, US",Jan-San,$25mm - $50mm,$25k - $50k,2,"$3,107","$3,903"
Espinoza Enterprises,"Jenniferberg, QC, Canada",Seafood,< $10mm,$25k - $50k,1,"$2,426","$2,842"
Jones Logistics,"Jensenmouth, OR, US",C-Store,$50mm - $100mm,$100k - $250k,2,"$8,968","$8,968"
Vaughn Enterprises,"North Peggy, AK, US",Seafood,$500mm - $1bn,$250k+,3,"$33,788","$38,400"
Burton Distribution,"Port David, UT, US",Coffee,$25mm - $50mm,$10k - $25k,1,"$1,966","$2,054"
Garcia Enterprises,"Bellchester, NE, US",Seafood,$100mm - $250mm,$10k - $25k,2,"$2,041","$1,858"
Barton Enterprises,"Kyliebury, WA, US",Seafood,$250mm - $500mm,$100k - $250k,2,"$17,970","$17,970"
Jefferson Supply Co.,"Deannabury, AB, Canada",Coffee,$10mm - $25mm,$50 - $75k,1,"$5,951","$8,897"
Burke Distribution,"Kimberlytown, KY, US",Produce,$10mm - $25mm,$50 - $75k,2,"$6,040","$7,749"
Martinez Supply Co.,"Jamiehaven, SK, Canada",Broadline,$25mm - $50mm,$75k - $100k,1,"$6,396","$8,092"
Riggs Logistics,"Lake Peter, WA, US",Broadline,$10mm - $25mm,$75k - $100k,2,"$6,713","$9,121"
Patton Enterprises,"Port Rachaelbury, NM, US",C-Store,$100mm - $250mm,$100k - $250k,1,"$9,549","$11,029"
Reed Distribution,"Cruzbury, SD, US",Jan-San,$250mm - $500mm,$250k+,1,"$23,018","$24,572"
Patterson Supply Co.,"Littleland, WY, US",C-Store,$10mm - $25mm,$75k - $100k,1,"$6,799","$6,799"
Wood Enterprises,"West Sarahberg, MB, Canada",Broadline,$10mm - $25mm,$50 - $75k,3,"$6,205","$5,695"
Hunter Foods,"Valenciashire, NB, Canada",Broadline,$100mm - $250mm,$75k - $100k,1,"$6,277","$7,928"
Peterson Supply Co.,"Diazburgh, VT, US",Broadline,$10mm - $25mm,$10k - $25k,1,"$1,976","$1,768"
Atkinson Distribution,"Bestland, AK, US",Produce,$100mm - $250mm,$100k - $250k,1,"$10,152","$10,152"
Short Supply Co.,"New Carlosview, NE, US",Jan-San,$25mm - $50mm,$50 - $75k,2,"$4,569","$4,569"
Garcia Supply Co.,"North Sandra, VT, US",Produce,$50mm - $100mm,$100k - $250k,2,"$10,668","$11,737"
Yu Supply Co.,"Hunterhaven, NC, US",Meat,< $10mm,$10k - $25k,2,$856,$856
Reid Logistics,"Hendersonfurt, NM, US",Ice Cream,$50mm - $100mm,$25k - $50k,2,"$3,909","$4,153"
Poole Foods,"Lake Amandaberg, AB, Canada",Produce,$25mm - $50mm,$75k - $100k,3,"$7,213","$8,945"
Zimmerman Distribution,"Christopherland, ND, US",Seafood,$25mm - $50mm,$10k - $25k,1,"$1,669","$1,982"
Graham Distribution,"Port Eric, MA, US",C-Store,< $10mm,$10k - $25k,2,"$1,627","$1,627"
Gross Distribution,"Peterland, PE, Canada",Produce,$50mm - $100mm,$50 - $75k,3,"$5,749","$5,749"
Sheppard Enterprises,"Hollybury, MA, US",Jan-San,$100mm - $250mm,$100k - $250k,4,"$11,650","$11,650"
Nelson Distribution,"East Christopherchester, PE, Canada",Coffee,$10mm - $25mm,$25k - $50k,3,"$2,622","$2,622"
Morton Distribution,"South Cherylton, NS, Canada",Specialty,< $10mm,$25k - $50k,1,"$3,513","$4,007"
Medina Foods,"Elizabethburgh, UT, US",Broadline,< $10mm,$10k - $25k,1,"$2,071","$2,206"
Webb Enterprises,"North Jeantown, WA, US",Specialty,$50mm - $100mm,$100k - $250k,2,"$11,096","$12,208"
Graham Enterprises,"South Stephanie, VT, US",Meat,$25mm - $50mm,$50 - $75k,2,"$4,690","$6,040"
Simon Supply Co.,"Garyberg, NM, US",Broadline,$25mm - $50mm,$25k - $50k,2,"$3,128","$3,616"
Adams Logistics,"Jessicaville, KS, US",Meat,$10mm - $25mm,$10k - $25k,2,"$1,636","$1,833"
Christian Enterprises,"West Lindsayview, MD, US",Bakery,$10mm - $25mm,$10k - $25k,3,"$1,819","$1,819"
Rivas Enterprises,"West Jennifershire, MD, US",Meat,$25mm - $50mm,$50 - $75k,1,"$5,210","$5,210"
Miller Foods,"South Spencerstad, VA, US",Produce,$25mm - $50mm,$25k - $50k,3,"$2,572","$4,282"
Keith Distribution,"South Micheleburgh, VA, US",Jan-San,$1bn+,$100k - $250k,1,"$13,273","$16,374"
Sanchez Enterprises,"Ericville, NM, US",Broadline,< $10mm,$25k - $50k,1,"$2,566","$2,828"
Marshall Enterprises,"East Joycetown, WA, US",Broadline,$50mm - $100mm,$25k - $50k,1,"$4,105","$4,325"
Bishop Logistics,"Port Michellebury, DE, US",Broadline,$10mm - $25mm,$10k - $25k,2,"$1,845","$2,169"
Gray Foods,"South Michaelberg, OH, US",Broadline,$25mm - $50mm,$75k - $100k,1,"$7,175","$7,175"
Johnson Logistics,"Port Austin, MT, US",Broadline,$50mm - $100mm,$100k - $250k,1,"$11,420","$13,699"
Rosales Enterprises,"Walkerbury, MB, Canada",Broadline,$50mm - $100mm,$25k - $50k,4,"$3,004","$3,647"
White Enterprises,"Moonmouth, ME, US",Jan-San,$1bn+,$75k - $100k,1,"$6,779","$8,572"
Lewis Foods,"Margaretshire, BC, Canada",Broadline,< $10mm,$25k - $50k,2,"$3,860","$4,290"
Salinas Supply Co.,"Davidton, NH, US",Produce,< $10mm,< $10k,2,$639,$653
Peterson Supply Co.,"East Linda, WV, US",Ice Cream,$50mm - $100mm,$100k - $250k,2,"$11,756","$15,136"
Beard Enterprises,"South Caseymouth, IL, US",Meat,$25mm - $50mm,$10k - $25k,2,$938,"$1,060"
Haynes Enterprises,"Kiaraport, NL, Canada",Jan-San,$10mm - $25mm,$50 - $75k,1,"$6,210","$6,210"
Hill Logistics,"Christophermouth, NL, Canada",Broadline,< $10mm,$10k - $25k,2,"$1,580","$1,876"
Smith Logistics,"West Jamesshire, SC, US",Broadline,< $10mm,$25k - $50k,1,"$3,786","$4,542"
Vaughan Logistics,"Jodibury, KS, US",Broadline,$250mm - $500mm,$100k - $250k,2,"$9,290","$10,813"
Miller Distribution,"Richardsonfort, TX, US",Broadline,$10mm - $25mm,$50 - $75k,1,"$4,839","$5,137"
Cortez Enterprises,"Lake Rachel, NB, Canada",Broadline,$10mm - $25mm,$10k - $25k,2,"$1,250","$1,250"
Freeman Distribution,"East Adam, AR, US",Broadline,$10mm - $25mm,$25k - $50k,1,"$2,265","$2,778"
Chang Supply Co.,"Johnsonside, MI, US",Broadline,$10mm - $25mm,$50 - $75k,1,"$5,586","$6,932"
Vaughn Enterprises,"Cynthiatown, CT, US",Broadline,< $10mm,$25k - $50k,1,"$2,354","$2,094"
Brewer Enterprises,"Aaronfurt, FL, US",Meat,$25mm - $50mm,$100k - $250k,1,"$8,417","$8,417"
Henry Foods,"Daltonhaven, OK, US",Broadline,< $10mm,$25k - $50k,3,"$2,743","$2,743"
Mcguire Enterprises,"South Travis, MB, Canada",Produce,$100mm - $250mm,$100k - $250k,1,"$15,383","$17,638"
Davis Supply Co.,"East Jenniferland, NM, US",Seafood,$10mm - $25mm,$25k - $50k,3,"$4,135","$4,276"
Walker Enterprises,"East Phyllishaven, IL, US",C-Store,$25mm - $50mm,$100k - $250k,4,"$8,855","$9,078"
Holt Distribution,"Haynesstad, ME, US",Broadline,$100mm - $250mm,$100k - $250k,2,"$16,847","$25,905"
Torres Enterprises,"Villegasland, TN, US",C-Store,$50mm - $100mm,$50 - $75k,1,"$4,688","$5,125"
Perkins Distribution,"New Dennisfurt, WY, US",Jan-San,$25mm - $50mm,$75k - $100k,1,"$8,076","$10,386"
Kennedy Logistics,"New Ashleychester, OR, US",Broadline,$10mm - $25mm,$50 - $75k,2,"$6,048","$5,100"
Schmidt Logistics,"East Kelly, WV, US",Coffee,$10mm - $25mm,$10k - $25k,1,"$2,067","$2,476"
Coleman Foods,"Sarafurt, AZ, US",Specialty,$50mm - $100mm,$75k - $100k,1,"$7,905","$9,132"
Reese Enterprises,"Louisview, MB, Canada",Broadline,$1bn+,$50 - $75k,2,"$5,940","$5,940"
Rivera Logistics,"North Sherry, ID, US",Broadline,$50mm - $100mm,$100k - $250k,3,"$10,334","$14,646"
Warner Logistics,"Port Kayla, AB, Canada",C-Store,$25mm - $50mm,$25k - $50k,2,"$2,314","$2,993"
Nelson Foods,"East Danielmouth, ON, Canada",C-Store,$50mm - $100mm,$10k - $25k,1,"$1,872","$2,082"
King Foods,"Edwardsville, ID, US",Broadline,$25mm - $50mm,$25k - $50k,2,"$4,142","$4,142"
Martinez Enterprises,"Tamiborough, NL, Canada",Broadline,< $10mm,$25k - $50k,1,"$2,523","$2,604"
Lee Distribution,"Parkerview, AB, Canada",Produce,$25mm - $50mm,$75k - $100k,1,"$7,825","$8,984"
Wilson Enterprises,"North Ericport, RI, US",Meat,$500mm - $1bn,$250k+,3,"$33,176","$41,874"
Herrera Distribution,"East Marymouth, MI, US",Jan-San,< $10mm,$10k - $25k,1,"$2,043","$2,586"
Gill Foods,"North Jennifer, TN, US",Produce,$50mm - $100mm,$10k - $25k,1,"$1,759","$1,765"
Lopez Supply Co.,"Randyton, NY, US",Meat,$10mm - $25mm,$50 - $75k,1,"$5,432","$6,876"
Robinson Enterprises,"Jorgeburgh, MB, Canada",C-Store,$25mm - $50mm,$50 - $75k,3,"$5,869","$6,347"
Washington Supply Co.,"South Melissaside, PE, Canada",Broadline,< $10mm,$10k - $25k,2,"$2,071","$2,096"
Hardy Distribution,"North Steven, DE, US",Broadline,$25mm - $50mm,$25k - $50k,2,"$3,405","$4,271"
Bray Enterprises,"North Alexander, WA, US",C-Store,$50mm - $100mm,$75k - $100k,2,"$6,576","$8,280"
Warren Supply Co.,"East James, KY, US",Ice Cream,$10mm - $25mm,$25k - $50k,1,"$2,867","$2,525"
Campbell Supply Co.,"Watsonland, AL, US",Seafood,$50mm - $100mm,$100k - $250k,1,"$9,351","$10,963"
Garcia Enterprises,"Samanthaland, ME, US",Seafood,$100mm - $250mm,$100k - $250k,1,"$10,084","$12,543"
Lee Supply Co.,"North Jamesmouth, WI, US",Broadline,$250mm - $500mm,$250k+,1,"$22,168","$18,681"
Perez Enterprises,"North Rebecca, SC, US",Meat,$10mm - $25mm,$25k - $50k,2,"$4,147","$5,255"
White Supply Co.,"Davidmouth, ON, Canada",Seafood,$10mm - $25mm,$25k - $50k,3,"$3,039","$3,039"
Smith Foods,"East Sandrachester, QC, Canada",Broadline,< $10mm,$25k - $50k,1,"$3,480","$4,057"
Ferguson Enterprises,"Crawfordfurt, MT, US",Broadline,$1bn+,$100k - $250k,1,"$17,824","$22,998"
Hill Foods,"Thompsonborough, ID, US",Produce,$250mm - $500mm,$75k - $100k,1,"$6,757","$5,411"
Mccann Logistics,"West Joshua, PE, Canada",Broadline,$25mm - $50mm,$50 - $75k,1,"$5,950","$6,158"
Tran Foods,"North Christina, KS, US",Produce,$100mm - $250mm,$75k - $100k,3,"$7,416","$14,051"
Terry Supply Co.,"Lake Kenneth, MO, US",Broadline,$25mm - $50mm,$75k - $100k,1,"$7,740","$8,900"
Martinez Distribution,"Andradefort, WI, US",Produce,$50mm - $100mm,$50 - $75k,1,"$6,041","$6,743"
Oneill Foods,"North Joshuaberg, MI, US",Broadline,< $10mm,$25k - $50k,2,"$3,044","$3,044"
Henry Foods,"Gonzalezhaven, WA, US",Ice Cream,$50mm - $100mm,$25k - $50k,1,"$2,141","$2,141"
Salas Foods,"Lake Virginia, KY, US",Jan-San,< $10mm,$10k - $25k,2,"$1,890","$2,238"
Andrews Distribution,"South Kimberlystad, VT, US",Jan-San,$100mm - $250mm,$100k - $250k,1,"$17,228","$17,517"
Harrison Distribution,"Stephensfort, TX, US",C-Store,$100mm - $250mm,$100k - $250k,2,"$14,386","$16,571"
Alexander Foods,"Robertahaven, MD, US",Meat,$50mm - $100mm,$25k - $50k,4,"$3,599","$4,540"
Lopez Logistics,"Paulburgh, UT, US",Broadline,< $10mm,$10k - $25k,2,"$1,477","$1,477"
Williams Distribution,"West Carlatown, VA, US",Seafood,$10mm - $25mm,$25k - $50k,1,"$2,811","$2,691"
Everett Distribution,"Brianfort, VT, US",Jan-San,$10mm - $25mm,$50 - $75k,3,"$5,182","$5,845"
Woods Distribution,"Katiebury, ME, US",C-Store,$10mm - $25mm,$50 - $75k,1,"$5,481","$7,026"
Short Enterprises,"North John, IA, US",Meat,< $10mm,$25k - $50k,1,"$3,125","$3,125"
Morales Foods,"West Amanda, FL, US",Broadline,$250mm - $500mm,$100k - $250k,1,"$13,727","$13,727"
Jones Logistics,"Port Wendybury, NJ, US",Produce,$25mm - $50mm,$75k - $100k,1,"$7,468","$7,468"
Soto Distribution,"Kellyburgh, RI, US",Produce,$10mm - $25mm,$25k - $50k,2,"$3,482","$3,183"
Brown Enterprises,"East Brittany, VT, US",Jan-San,$10mm - $25mm,$10k - $25k,2,"$1,524","$1,688"
Hernandez Supply Co.,"Robintown, NM, US",Jan-San,$25mm - $50mm,$50 - $75k,3,"$5,864","$6,639"
Hart Supply Co.,"Staceyshire, TX, US",Produce,$25mm - $50mm,$100k - $250k,2,"$8,614","$9,956"
Torres Distribution,"New Stacy, NB, Canada",Bakery,$25mm - $50mm,$75k - $100k,2,"$7,323","$6,398"
Mcknight Logistics,"Weaverburgh, RI, US",Jan-San,$250mm - $500mm,$100k - $250k,1,"$15,310","$18,988"
Wilson Logistics,"Johnsonton, BC, Canada",Broadline,$25mm - $50mm,$50 - $75k,1,"$6,139","$9,924"
Duran Foods,"New Jeffery, ND, US",Broadline,$1bn+,$250k+,2,"$46,542","$46,542"
Obrien Distribution,"Smithborough, CA, US",Broadline,$100mm - $250mm,$75k - $100k,1,"$8,205","$6,863"
Gibbs Supply Co.,"West Jennifer, BC, Canada",Broadline,$10mm - $25mm,$25k - $50k,3,"$3,523","$3,523"
Perez Foods,"Brianberg, OK, US",Broadline,$250mm - $500mm,$250k+,1,"$24,477","$28,396"
Mills Logistics,"Port Daniel, NB, Canada",Broadline,< $10mm,$25k - $50k,1,"$3,523","$3,881"
Hayes Foods,"Susanstad, GA, US",Produce,$100mm - $250mm,$75k - $100k,1,"$6,493","$5,638"
Ramos Supply Co.,"Willismouth, ND, US",Broadline,$10mm - $25mm,$25k - $50k,1,"$3,649","$4,434"
Dalton Logistics,"Marcusburgh, UT, US",Ice Cream,$100mm - $250mm,$75k - $100k,1,"$7,989","$9,327"
Branch Enterprises,"Connerfort, PA, US",Broadline,$100mm - $250mm,$25k - $50k,2,"$3,664","$3,727"
Torres Enterprises,"Grantside, NC, US",Seafood,$100mm - $250mm,$100k - $250k,1,"$16,814","$17,671"
Oliver Distribution,"Jeffreyshire, AR, US",Produce,$100mm - $250mm,$75k - $100k,2,"$7,814","$8,483"
Lynch Foods,"South Kurt, NC, US",Bakery,$10mm - $25mm,$50 - $75k,1,"$6,221","$6,748"
Singh Logistics,"Davidtown, OR, US",Broadline,< $10mm,$10k - $25k,1,"$1,169","$1,405"
Meza Distribution,"Rosalesshire, NJ, US",Produce,$10mm - $25mm,$50 - $75k,1,"$4,174","$4,174"
Clark Foods,"East Carriebury, MD, US",Specialty,< $10mm,$10k - $25k,3,"$1,853","$1,853"
Clark Supply Co.,"South Donaldland, MT, US",Coffee,$50mm - $100mm,$100k - $250k,1,"$9,430","$9,482"
Guerrero Logistics,"West Toni, AL, US",C-Store,$10mm - $25mm,$50 - $75k,2,"$4,381","$3,719"
Moore Foods,"Lake Nicole, PA, US",Broadline,$500mm - $1bn,$100k - $250k,1,"$19,517","$19,517"
Thompson Logistics,"Port Jennamouth, NV, US",Broadline,$50mm - $100mm,$10k - $25k,2,"$1,664","$1,575"
Jones Foods,"Smithborough, CA, US",Jan-San,$100mm - $250mm,$50 - $75k,1,"$4,671","$5,106"
Smith Supply Co.,"Lake Carlos, AR, US",Specialty,< $10mm,< $10k,2,$767,$767
Hayes Logistics,"Kristintown, BC, Canada",Seafood,$100mm - $250mm,$50 - $75k,2,"$5,938","$6,878"
Wheeler Enterprises,"South Samuelchester, PE, Canada",Jan-San,$250mm - $500mm,$100k - $250k,3,"$16,431","$17,495"
Carter Supply Co.,"South Trevor, NE, US",Broadline,$25mm - $50mm,$50 - $75k,1,"$5,486","$6,942"
Hall Foods,"Bellfurt, FL, US",C-Store,$25mm - $50mm,$50 - $75k,1,"$5,858","$6,008"
Mann Logistics,"Port Timothyshire, WA, US",Broadline,$100mm - $250mm,$100k - $250k,1,"$10,171","$11,527"
Warner Supply Co.,"East Shannon, NE, US",Produce,< $10mm,$25k - $50k,3,"$2,401","$3,012"
Gibson Foods,"West Andrewview, MO, US",Produce,$25mm - $50mm,$25k - $50k,2,"$2,881","$3,413"
Mcdaniel Enterprises,"North Matthewfurt, MO, US",Seafood,$10mm - $25mm,$10k - $25k,2,"$1,607","$1,748"
Bradshaw Enterprises,"Lake Charles, UT, US",Broadline,< $10mm,$25k - $50k,1,"$3,473","$3,911"
French Foods,"West Brookefort, QC, Canada",Broadline,$10mm - $25mm,$50 - $75k,1,"$4,603","$5,579"
Weber Enterprises,"South Sherriburgh, MN, US",Jan-San,< $10mm,$10k - $25k,1,"$1,159","$1,159"
Guerrero Supply Co.,"Mooreville, OH, US",Produce,< $10mm,$25k - $50k,4,"$2,354","$3,042"
Peck Enterprises,"Jamieborough, FL, US",Jan-San,< $10mm,$25k - $50k,2,"$3,557","$6,847"
Coleman Distribution,"Terryside, IA, US",Broadline,$500mm - $1bn,$250k+,3,"$25,767","$24,003"
Stephens Enterprises,"Donnaport, AB, Canada",Meat,$25mm - $50mm,$50 - $75k,1,"$6,241","$4,995"
Holland Distribution,"North Brandon, PE, Canada",Seafood,$500mm - $1bn,$100k - $250k,2,"$15,020","$15,020"
Kerr Logistics,"Hernandezstad, OH, US",Broadline,$25mm - $50mm,$25k - $50k,2,"$3,022","$3,022"
Serrano Supply Co.,"South Christopherfort, MO, US",Produce,$10mm - $25mm,$75k - $100k,1,"$6,872","$6,867"
Jones Logistics,"North Anthony, NB, Canada",Broadline,$25mm - $50mm,$75k - $100k,3,"$7,540","$7,498"
Martin Logistics,"Lake Kelly, GA, US",Broadline,$25mm - $50mm,$25k - $50k,3,"$3,973","$4,955"
Parker Enterprises,"South Meganport, WA, US",Bakery,< $10mm,$25k - $50k,3,"$3,665","$3,518"
Curry Enterprises,"Ruizview, AZ, US",Produce,$50mm - $100mm,$100k - $250k,2,"$9,372","$9,258"
Carroll Enterprises,"Lake Amyburgh, ON, Canada",C-Store,$10mm - $25mm,$25k - $50k,1,"$2,607","$2,792"
Roberts Logistics,"Nicolestad, AK, US",Broadline,$50mm - $100mm,$50 - $75k,1,"$5,749","$5,749"
Martinez Supply Co.,"South Bradley, CA, US",Jan-San,$50mm - $100mm,$25k - $50k,4,"$3,860","$4,353"
Barker Supply Co.,"Marshallbury, AZ, US",C-Store,< $10mm,$10k - $25k,1,$896,"$1,092"
Lyons Distribution,"Anneberg, UT, US",Jan-San,< $10mm,$25k - $50k,2,"$3,032","$3,599"
Bender Foods,"North Elizabethside, AR, US",Meat,$100mm - $250mm,$50 - $75k,2,"$5,590","$8,196"
Mason Supply Co.,"Arellanoshire, AZ, US",Produce,$25mm - $50mm,$75k - $100k,2,"$7,542","$8,681"
Snyder Enterprises,"New Bruce, IA, US",Produce,< $10mm,$25k - $50k,4,"$3,991","$5,100"
Miller Distribution,"Cardenaschester, WI, US",Specialty,$1bn+,$50 - $75k,1,"$4,607","$5,733"
Williams Enterprises,"Armstrongbury, AB, Canada",C-Store,< $10mm,$25k - $50k,1,"$2,160","$2,369"
Reynolds Logistics,"Evansfurt, ME, US",Specialty,$50mm - $100mm,$100k - $250k,1,"$9,842","$12,743"
Morris Logistics,"New Ashleyhaven, WA, US",Broadline,$1bn+,$250k+,1,"$24,196","$20,767"
Wright Enterprises,"North Stacy, OR, US",C-Store,$10mm - $25mm,$50 - $75k,1,"$5,500","$5,603"
Davis Supply Co.,"Thompsonburgh, UT, US",Specialty,< $10mm,$10k - $25k,1,"$1,727","$1,745"
Hayden Foods,"Port James, NB, Canada",Broadline,< $10mm,$25k - $50k,3,"$2,798","$2,940"
Huff Enterprises,"South Christianchester, GA, US",Broadline,$10mm - $25mm,$50 - $75k,3,"$4,894","$5,962"
Johnston Supply Co.,"Port Courtney, QC, Canada",C-Store,< $10mm,$25k - $50k,1,"$3,909","$4,124"
Sampson Distribution,"Luisland, MD, US",Jan-San,$50mm - $100mm,$50 - $75k,1,"$4,670","$4,670"
Key Enterprises,"South Angelaside, OK, US",Coffee,< $10mm,$25k - $50k,3,"$3,831","$3,439"
Chambers Distribution,"Melissahaven, MB, Canada",Broadline,$25mm - $50mm,$25k - $50k,1,"$3,082","$3,168"
Adams Supply Co.,"Starktown, NV, US",C-Store,$1bn+,$250k+,1,"$29,700","$37,905"
Williams Supply Co.,"Rodriguezberg, AR, US",Broadline,$100mm - $250mm,$100k - $250k,1,"$12,138","$12,138"
Avila Supply Co.,"New Brianna, ON, Canada",Broadline,$50mm - $100mm,$50 - $75k,2,"$6,152","$5,729"
Ruiz Supply Co.,"North Annaville, MA, US",Broadline,$10mm - $25mm,$50 - $75k,1,"$4,584","$5,832"
Pearson Logistics,"Mikaylastad, NE, US",C-Store,$50mm - $100mm,$50 - $75k,4,"$4,725","$4,725"
Moon Supply Co.,"Bakerfort, MO, US",Jan-San,$25mm - $50mm,$25k - $50k,1,"$3,121","$4,005"
White Logistics,"Johnsonview, OH, US",Seafood,$25mm - $50mm,$10k - $25k,2,"$1,820","$1,820"
Richards Foods,"Thomasfurt, IA, US",Produce,< $10mm,$10k - $25k,1,$906,$908
Walters Logistics,"South Pamelamouth, VA, US",Coffee,$250mm - $500mm,$100k - $250k,2,"$9,996","$16,243"
Vasquez Distribution,"North Julie, NJ, US",Produce,$25mm - $50mm,$75k - $100k,2,"$7,079","$7,131"
Davis Foods,"Pennytown, QC, Canada",C-Store,$10mm - $25mm,$50 - $75k,2,"$4,550","$4,550"
Bailey Distribution,"Lisaport, NE, US",Meat,$10mm - $25mm,$10k - $25k,2,"$1,391","$1,391"
Cook Enterprises,"Juanfort, FL, US",Produce,$10mm - $25mm,$50 - $75k,2,"$6,076","$7,733"
Santiago Enterprises,"Port Jeremyport, KY, US",Meat,$100mm - $250mm,$100k - $250k,3,"$11,241","$10,076"
Hodge Logistics,"Schroedermouth, TN, US",Produce,$50mm - $100mm,$100k - $250k,3,"$11,601","$11,862"
Rivera Distribution,"Jessicaland, NH, US",C-Store,$100mm - $250mm,$100k - $250k,2,"$12,137","$12,137"
Steele Enterprises,"South Jason, BC, Canada",Seafood,< $10mm,$10k - $25k,1,"$1,120","$1,157"
Roberts Enterprises,"Figueroahaven, IL, US",Broadline,$25mm - $50mm,$50 - $75k,1,"$4,738","$7,431"
Landry Enterprises,"Lorihaven, MO, US",Ice Cream,$25mm - $50mm,$50 - $75k,1,"$6,153","$7,888"
Cervantes Foods,"North Larry, RI, US",Produce,< $10mm,< $10k,2,$606,$732
Pierce Foods,"Taylorhaven, CA, US",Seafood,$10mm - $25mm,$10k - $25k,1,$843,"$1,063"
Gibson Supply Co.,"East Jamesborough, WI, US",Ice Cream,$50mm - $100mm,$25k - $50k,1,"$2,510","$2,510"
Edwards Distribution,"East Antonioton, TX, US",Jan-San,< $10mm,$25k - $50k,3,"$2,354","$2,181"
Morris Enterprises,"Janetview, NM, US",Broadline,$25mm - $50mm,$50 - $75k,3,"$4,893","$4,956"
Cordova Distribution,"Madisonhaven, MI, US",Specialty,$10mm - $25mm,$50 - $75k,3,"$4,335","$5,602"
Powell Supply Co.,"Reidville, AL, US",Jan-San,< $10mm,$10k - $25k,1,$990,$995
Robertson Logistics,"East Nathanmouth, IL, US",Produce,$10mm - $25mm,$50 - $75k,2,"$4,959","$6,368"
Travis Supply Co.,"Port Thomas, BC, Canada",Broadline,$500mm - $1bn,$100k - $250k,1,"$18,692","$20,759"
Sandoval Enterprises,"Maxview, WI, US",C-Store,$100mm - $250mm,$50 - $75k,1,"$6,028","$6,046"
Daniels Logistics,"West Anthonyton, KS, US",Jan-San,$500mm - $1bn,$25k - $50k,1,"$2,382","$2,875"
Gutierrez Logistics,"Port Ashley, VA, US",Seafood,$25mm - $50mm,$10k - $25k,1,"$1,529","$1,979"
Lopez Supply Co.,"Port Jeffrey, KS, US",Ice Cream,< $10mm,$10k - $25k,1,"$1,876","$2,419"
Cox Enterprises,"Lake Jamie, WY, US",C-Store,$25mm - $50mm,$25k - $50k,3,"$2,909","$3,049"
Avila Logistics,"Palmertown, NJ, US",Broadline,$25mm - $50mm,$25k - $50k,1,"$3,952","$3,952"
Garrett Supply Co.,"Buckburgh, MN, US",Produce,$100mm - $250mm,$100k - $250k,2,"$11,454","$11,454"
Wolf Supply Co.,"East Johnnyport, MS, US",Broadline,< $10mm,$25k - $50k,2,"$2,419","$2,331"
Harris Enterprises,"Rodneyfurt, NY, US",C-Store,$25mm - $50mm,$25k - $50k,1,"$2,773","$2,459"
Dunn Supply Co.,"Stephenborough, WA, US",Broadline,< $10mm,$10k - $25k,2,"$1,708","$1,708"
Pennington Supply Co.,"Turnerhaven, MA, US",Seafood,$10mm - $25mm,$50 - $75k,1,"$4,588","$8,011"
Kim Supply Co.,"Silvatown, NS, Canada",C-Store,$50mm - $100mm,$100k - $250k,2,"$10,483","$12,809"
Wolfe Distribution,"Annaport, AZ, US",Coffee,$25mm - $50mm,$75k - $100k,1,"$7,001","$7,381"
Martinez Foods,"Gabriellefort, IA, US",Produce,$10mm - $25mm,$50 - $75k,1,"$4,209","$5,420"
Dudley Distribution,"West Vanessamouth, AK, US",C-Store,$10mm - $25mm,$25k - $50k,1,"$3,014","$3,014"
Lynch Supply Co.,"Joseport, PA, US",Broadline,$25mm - $50mm,$25k - $50k,2,"$3,857","$4,596"
Allen Foods,"East Zachary, NE, US",Coffee,$100mm - $250mm,$100k - $250k,3,"$15,607","$19,573"
Moore Logistics,"North Linda, IL, US",Broadline,$250mm - $500mm,$25k - $50k,1,"$2,903","$3,373"
Pierce Distribution,"Guerreroberg, MO, US",Produce,$500mm - $1bn,$250k+,2,"$33,615","$37,793"
Tran Distribution,"Lake Tylerport, KS, US",C-Store,$100mm - $250mm,$100k - $250k,2,"$12,043","$15,573"
Davis Distribution,"Rebeccafurt, TN, US",Broadline,$10mm - $25mm,$50 - $75k,3,"$5,342","$6,275"
Gay Enterprises,"Doyleshire, NS, Canada",Broadline,$50mm - $100mm,$25k - $50k,3,"$2,188","$2,188"
Durham Supply Co.,"West Jessica, NY, US",C-Store,$25mm - $50mm,$50 - $75k,2,"$5,805","$7,314"
Murray Logistics,"Lake Amanda, PE, Canada",C-Store,$10mm - $25mm,$25k - $50k,2,"$3,780","$4,861"
Wilson Logistics,"Knoxstad, WA, US",Jan-San,$100mm - $250mm,$25k - $50k,3,"$3,461","$4,162"
Collier Logistics,"Meganside, HI, US",C-Store,< $10mm,$10k - $25k,1,"$1,479","$1,722"
Jimenez Supply Co.,"West Connor, OH, US",Seafood,$250mm - $500mm,$250k+,1,"$22,477","$29,276"
Moran Foods,"Lake Jonathan, OH, US",Broadline,$25mm - $50mm,$50 - $75k,1,"$5,355","$5,312"
Hicks Distribution,"Lake Rachel, AB, Canada",Produce,$50mm - $100mm,$50 - $75k,3,"$6,017","$6,017"
Hill Supply Co.,"East Michaelport, CA, US",Broadline,$50mm - $100mm,$25k - $50k,3,"$2,541","$2,694"
Davenport Distribution,"Frenchmouth, AB, Canada",Ice Cream,$250mm - $500mm,$100k - $250k,1,"$18,425","$19,453"
Baird Supply Co.,"Jorgeport, NE, US",Jan-San,$50mm - $100mm,$100k - $250k,2,"$8,761","$8,761"
Sanchez Distribution,"Yorkfort, SD, US",Produce,$50mm - $100mm,$75k - $100k,1,"$7,793","$8,389"
Arnold Supply Co.,"Port Cynthiashire, VA, US",Meat,< $10mm,$25k - $50k,1,"$2,290","$2,499"
Reyes Foods,"South Pamelahaven, IN, US",Specialty,$25mm - $50mm,$50 - $75k,4,"$5,036","$5,036"
Weeks Logistics,"Port Erinhaven, MS, US",Broadline,< $10mm,$25k - $50k,1,"$2,580","$2,580"
Romero Distribution,"Robertberg, SD, US",Jan-San,$50mm - $100mm,$25k - $50k,1,"$3,644","$4,038"
Suarez Supply Co.,"East Matthew, SC, US",Seafood,$25mm - $50mm,$100k - $250k,2,"$8,524","$9,600"
Shields Foods,"Thomasburgh, PE, Canada",Jan-San,$50mm - $100mm,$75k - $100k,2,"$7,518","$7,369"
Hill Foods,"South Marvinburgh, OH, US",Broadline,< $10mm,$10k - $25k,1,"$1,595","$1,581"
Tyler Logistics,"Cynthiatown, AL, US",Coffee,< $10mm,$10k - $25k,2,"$2,078","$2,498"
Perry Supply Co.,"Hillburgh, WA, US",Specialty,$50mm - $100mm,$100k - $250k,2,"$9,882","$8,820"
Villa Distribution,"South Kristen, ME, US",Seafood,< $10mm,$10k - $25k,1,"$1,072","$1,215"
Romero Enterprises,"East Christinachester, VT, US",C-Store,< $10mm,$10k - $25k,1,"$1,531","$1,531"
Hoover Foods,"Pattersonfort, ID, US",Specialty,< $10mm,$25k - $50k,2,"$2,881","$2,515"
Campbell Foods,"Smithside, CT, US",C-Store,$500mm - $1bn,$100k - $250k,1,"$10,834","$13,524"
Evans Logistics,"Lake Nathan, KS, US",Broadline,$50mm - $100mm,$100k - $250k,3,"$9,884","$11,152"
Matthews Supply Co.,"West Katherinehaven, ND, US",Jan-San,$10mm - $25mm,$25k - $50k,3,"$2,478","$2,955"
Duarte Enterprises,"North Erica, MN, US",Jan-San,$10mm - $25mm,$50 - $75k,4,"$5,813","$7,476"
Burns Enterprises,"East Heather, MT, US",Produce,$10mm - $25mm,$10k - $25k,1,"$1,177","$1,177"
Hernandez Enterprises,"Larryville, MT, US",C-Store,$100mm - $250mm,$25k - $50k,4,"$2,195","$2,748"
Ryan Supply Co.,"Gordonport, KS, US",Specialty,$50mm - $100mm,$100k - $250k,1,"$10,891","$12,282"
Reed Distribution,"North Madison, NB, Canada",Specialty,$10mm - $25mm,$50 - $75k,1,"$4,383","$3,818"
Arnold Foods,"Stacymouth, CO, US",Meat,< $10mm,$10k - $25k,1,"$1,737","$1,675"
Daniels Supply Co.,"Ryanberg, TN, US",Broadline,< $10mm,$10k - $25k,1,"$1,320","$1,542"
Gibson Enterprises,"Wendyfort, CO, US",Bakery,$50mm - $100mm,$75k - $100k,2,"$7,824","$10,127"
Morris Foods,"Karenburgh, MO, US",C-Store,$100mm - $250mm,$100k - $250k,1,"$9,516","$10,996"
Lopez Foods,"Smithbury, AR, US",Broadline,$10mm - $25mm,$75k - $100k,1,"$6,947","$6,947"
Terry Enterprises,"East Jessica, VT, US",Specialty,< $10mm,$25k - $50k,2,"$3,941","$5,038"
Armstrong Enterprises,"North Michael, NY, US",Coffee,< $10mm,$25k - $50k,1,"$2,726","$3,059"
Hall Foods,"South Nancyview, NS, Canada",Seafood,$500mm - $1bn,$100k - $250k,2,"$16,172","$12,941"
Rowe Logistics,"New Virginiaville, CT, US",Jan-San,$10mm - $25mm,$25k - $50k,1,"$3,820","$4,483"
Williams Foods,"North Hannahchester, AB, Canada",Produce,$100mm - $250mm,$100k - $250k,3,"$12,515","$12,515"
Garner Distribution,"Jamesside, VT, US",Broadline,$50mm - $100mm,$25k - $50k,3,"$2,836","$2,812"
Thornton Distribution,"Thomasberg, PE, Canada",Produce,$10mm - $25mm,$25k - $50k,2,"$2,802","$3,295"
Shepherd Logistics,"Lake Gina, CA, US",C-Store,$10mm - $25mm,$10k - $25k,1,"$1,220","$1,321"
Hughes Supply Co.,"West Robertville, LA, US",Broadline,< $10mm,< $10k,1,$764,$759
Alvarado Foods,"Cindyberg, SK, Canada",Produce,$50mm - $100mm,$25k - $50k,3,"$3,798","$4,733"
Hoover Distribution,"Rivasville, ID, US",Produce,$100mm - $250mm,$100k - $250k,1,"$9,130","$9,885"
Pollard Foods,"West Danielville, NS, Canada",Seafood,$50mm - $100mm,$100k - $250k,1,"$9,654","$9,654"
Simpson Logistics,"Gonzalezborough, IN, US",Specialty,$25mm - $50mm,$50 - $75k,1,"$4,833","$5,987"
Johnson Enterprises,"Marieborough, WI, US",Produce,< $10mm,$10k - $25k,1,"$1,679","$2,522"
Shaw Logistics,"Jadeport, ON, Canada",Produce,$500mm - $1bn,$50 - $75k,2,"$4,635","$4,906"
Lawrence Logistics,"North Amy, NL, Canada",C-Store,$100mm - $250mm,$100k - $250k,3,"$10,440","$10,440"
Kane Logistics,"Lake Sarah, KS, US",Meat,$10mm - $25mm,$25k - $50k,1,"$2,445","$3,160"
Sawyer Distribution,"Jimmytown, MO, US",Broadline,$500mm - $1bn,$100k - $250k,1,"$19,218","$21,303"
Alexander Logistics,"North Maryfort, OH, US",Meat,$25mm - $50mm,$100k - $250k,3,"$8,836","$7,773"
Fox Enterprises,"North Kimberly, WI, US",Broadline,$25mm - $50mm,$25k - $50k,3,"$2,601","$3,078"
Bryant Enterprises,"Lake Jenniferview, VT, US",Broadline,$50mm - $100mm,$25k - $50k,1,"$3,412","$3,986"
Bowen Enterprises,"South Vanessa, NC, US",Meat,$100mm - $250mm,$100k - $250k,1,"$8,933","$11,384"
Ortiz Supply Co.,"Josephton, MN, US",Produce,$50mm - $100mm,$100k - $250k,1,"$11,658","$14,017"
Pena Logistics,"Port Greggton, NV, US",Specialty,< $10mm,$25k - $50k,3,"$3,498","$3,216"
Moore Enterprises,"Michaelmouth, CA, US",Produce,$10mm - $25mm,$75k - $100k,1,"$6,364","$6,364"
Harrison Supply Co.,"Rodgersville, WY, US",Jan-San,$250mm - $500mm,$100k - $250k,3,"$9,675","$18,419"
Costa Logistics,"North Melissaburgh, RI, US",Jan-San,$10mm - $25mm,$75k - $100k,2,"$6,950","$7,328"
Morgan Logistics,"Michaelmouth, WY, US",Broadline,$10mm - $25mm,$10k - $25k,2,"$1,393","$1,620"
Schwartz Foods,"Natalieland, SD, US",Jan-San,$25mm - $50mm,$10k - $25k,1,"$1,329","$1,329"
Santos Logistics,"Lisaburgh, NH, US",Broadline,$25mm - $50mm,$75k - $100k,2,"$7,830","$7,830"
Christian Foods,"South Ricardomouth, MN, US",Specialty,$25mm - $50mm,$100k - $250k,1,"$8,411","$8,411"
Phelps Distribution,"Maryfort, MO, US",Broadline,$500mm - $1bn,$50 - $75k,1,"$4,536","$5,830"
Villarreal Distribution,"Banksburgh, UT, US",Produce,$10mm - $25mm,$10k - $25k,2,"$1,459","$1,733"
James Supply Co.,"East Heatherton, MO, US",Broadline,< $10mm,$10k - $25k,4,"$2,066","$2,573"
Stewart Foods,"North Robert, SC, US",Bakery,$10mm - $25mm,$10k - $25k,2,"$1,403","$1,403"
Higgins Distribution,"Phammouth, KS, US",Seafood,$250mm - $500mm,$75k - $100k,2,"$6,817","$8,153"
Malone Distribution,"New Noah, CO, US",Jan-San,$50mm - $100mm,$100k - $250k,1,"$11,674","$9,714"
Brennan Distribution,"Cherylberg, MO, US",Broadline,$10mm - $25mm,$50 - $75k,1,"$4,924","$6,319"
Johnson Logistics,"Knappville, SD, US",C-Store,$100mm - $250mm,$100k - $250k,1,"$13,899","$15,037"
Jones Foods,"Alexanderland, MO, US",Broadline,$100mm - $250mm,$100k - $250k,2,"$13,860","$13,860"
Welch Distribution,"Dianatown, CT, US",Ice Cream,$100mm - $250mm,$100k - $250k,3,"$10,201","$10,201"
Mccall Foods,"Lake Morgan, MD, US",Broadline,$250mm - $500mm,$100k - $250k,2,"$20,342","$19,652"
Bright Enterprises,"South Dorothybury, WI, US",Broadline,$10mm - $25mm,$50 - $75k,1,"$4,474","$5,123"
Francis Enterprises,"Reedfurt, FL, US",Broadline,$50mm - $100mm,$50 - $75k,1,"$4,529","$5,482"
Hamilton Logistics,"Port Margaret, NV, US",Meat,$25mm - $50mm,$50 - $75k,2,"$5,445","$5,816"
Garcia Enterprises,"North Dawnburgh, OK, US",Seafood,$100mm - $250mm,$100k - $250k,1,"$9,915","$12,918"
Schultz Supply Co.,"Christianburgh, CT, US",Broadline,$50mm - $100mm,$100k - $250k,3,"$10,199","$9,500"
Brennan Foods,"Port Travisbury, MN, US",C-Store,$100mm - $250mm,$100k - $250k,3,"$17,213","$13,878"
Wallace Distribution,"Taraton, RI, US",Meat,$50mm - $100mm,$50 - $75k,2,"$5,580","$4,805"
Benson Supply Co.,"New Dawn, MA, US",Seafood,< $10mm,$25k - $50k,1,"$3,174","$3,556"
Berger Supply Co.,"Montoyaland, AB, Canada",Meat,$25mm - $50mm,$10k - $25k,1,"$1,708","$1,807"
Williams Enterprises,"Wallaceshire, MO, US",Produce,$1bn+,$250k+,1,"$23,863","$26,412"
Flynn Foods,"Millerfort, WA, US",Seafood,$250mm - $500mm,$100k - $250k,1,"$10,543","$14,959"
Carter Distribution,"Stewartfort, NB, Canada",Broadline,< $10mm,< $10k,1,$646,$666
Brooks Supply Co.,"North Richardton, HI, US",Broadline,< $10mm,$10k - $25k,2,"$1,776","$3,436"
Thomas Logistics,"Port Christopherport, HI, US",Coffee,< $10mm,$25k - $50k,2,"$2,640","$2,640"
Schmidt Distribution,"Lake Emily, MD, US",Specialty,$50mm - $100mm,$25k - $50k,1,"$2,400","$3,118"
Knight Enterprises,"Michaelton, GA, US",Produce,$100mm - $250mm,$100k - $250k,1,"$16,265","$17,066"
Sparks Foods,"Port Shawn, NV, US",Broadline,$10mm - $25mm,$10k - $25k,1,"$1,235","$1,256"
Jackson Logistics,"Moranstad, MD, US",Jan-San,$25mm - $50mm,$100k - $250k,1,"$8,433","$8,433"
Miller Distribution,"Wilsonbury, CA, US",Produce,$100mm - $250mm,$100k - $250k,3,"$12,902","$14,178"
Pitts Distribution,"West Michaelport, KS, US",Broadline,$50mm - $100mm,$50 - $75k,1,"$4,694","$5,344"
Harvey Supply Co.,"Jacquelineton, NY, US",Broadline,$25mm - $50mm,$25k - $50k,1,"$4,065","$4,065"
Allen Distribution,"South Donald, IL, US",C-Store,$25mm - $50mm,$75k - $100k,1,"$6,901","$7,325"
Durham Foods,"Rodriguezborough, FL, US",Jan-San,$25mm - $50mm,$50 - $75k,3,"$6,131","$6,131"
Thomas Foods,"North Sarah, MT, US",Broadline,$10mm - $25mm,$50 - $75k,2,"$4,948","$5,395"
Murray Distribution,"Lewisborough, SC, US",Broadline,$25mm - $50mm,$25k - $50k,1,"$4,052","$4,296"
King Supply Co.,"Danielchester, MI, US",Broadline,$50mm - $100mm,$75k - $100k,2,"$6,417","$6,417"
Scott Logistics,"Lake Maryshire, NV, US",Jan-San,$100mm - $250mm,$100k - $250k,2,"$17,335","$21,362"
Smith Logistics,"Port Patriciamouth, SK, Canada",Broadline,$50mm - $100mm,$25k - $50k,4,"$4,139","$5,024"
Ballard Supply Co.,"South Adam, MA, US",Broadline,$50mm - $100mm,$50 - $75k,1,"$5,655","$6,732"
Santana Enterprises,"New Savannahshire, VT, US",C-Store,< $10mm,$25k - $50k,3,"$2,442","$2,253"
Byrd Foods,"Glassburgh, MA, US",Broadline,$25mm - $50mm,$75k - $100k,3,"$7,309","$9,302"
Moore Enterprises,"Lake Lisa, MT, US",Jan-San,< $10mm,$25k - $50k,3,"$3,481","$4,493"
Alexander Supply Co.,"South Dianemouth, NL, Canada",Broadline,$10mm - $25mm,$25k - $50k,2,"$2,578","$2,712"
Reed Enterprises,"Barnesbury, SD, US",Broadline,$50mm - $100mm,$10k - $25k,2,"$1,987","$2,120"
Matthews Supply Co.,"Raymondmouth, OR, US",Broadline,$1bn+,$25k - $50k,1,"$2,814","$3,258"
Fowler Logistics,"Shawnberg, MA, US",C-Store,< $10mm,$10k - $25k,2,"$2,000","$2,055"
Coleman Logistics,"South Carrie, MT, US",Coffee,$10mm - $25mm,$25k - $50k,2,"$3,315","$3,749"
Wright Enterprises,"Meganside, OR, US",C-Store,$100mm - $250mm,$100k - $250k,2,"$17,311","$29,555"
Bruce Enterprises,"Jenniferside, OH, US",Produce,$10mm - $25mm,$25k - $50k,1,"$3,686","$4,264"
Gonzalez Foods,"East Jason, WY, US",Jan-San,$25mm - $50mm,$25k - $50k,2,"$2,977","$4,560"
Cruz Logistics,"Glendaberg, WA, US",Broadline,$50mm - $100mm,$100k - $250k,3,"$10,891","$12,663"
Webb Foods,"New Amy, VA, US",Produce,$50mm - $100mm,$75k - $100k,1,"$6,453","$8,309"
Young Enterprises,"Jenniferstad, ME, US",Ice Cream,$10mm - $25mm,$50 - $75k,3,"$4,916","$4,713"
Armstrong Supply Co.,"Aguilarchester, BC, Canada",Broadline,$10mm - $25mm,$10k - $25k,2,"$1,348","$1,613"
Andrews Logistics,"Nataliechester, ON, Canada",Broadline,$100mm - $250mm,$75k - $100k,3,"$7,812","$7,913"
Haney Supply Co.,"New Danielfurt, FL, US",Broadline,$25mm - $50mm,$100k - $250k,1,"$8,548","$8,719"
Phillips Foods,"North Ellen, KS, US",Broadline,< $10mm,$25k - $50k,1,"$2,567","$2,991"
Spence Foods,"West Karen, GA, US",Broadline,$50mm - $100mm,$50 - $75k,3,"$5,314","$7,298"
Barrett Distribution,"West Frances, MO, US",Jan-San,< $10mm,$25k - $50k,1,"$2,693","$2,711"
Hill Logistics,"Port Bryan, RI, US",Produce,$50mm - $100mm,$100k - $250k,3,"$11,086","$11,657"
Knight Logistics,"Jamesside, MT, US",Ice Cream,$10mm - $25mm,$25k - $50k,2,"$2,462","$2,462"
Jennings Foods,"West Lisaville, VT, US",C-Store,$500mm - $1bn,$100k - $250k,2,"$18,164","$21,242"
Garner Supply Co.,"Lake Deborah, AZ, US",Produce,$10mm - $25mm,$75k - $100k,1,"$6,742","$8,164"
Williams Logistics,"Youngport, MS, US",Broadline,$10mm - $25mm,$10k - $25k,2,"$1,827","$1,938"
Obrien Foods,"South Paulmouth, OH, US",Produce,< $10mm,$25k - $50k,1,"$3,021","$2,617"
Crawford Distribution,"North Juliaborough, CO, US",Jan-San,$10mm - $25mm,$50 - $75k,1,"$4,591","$4,842"
Strong Enterprises,"Greerstad, KS, US",Broadline,$100mm - $250mm,$100k - $250k,1,"$12,292","$14,554"
Mitchell Logistics,"Port Jenny, MN, US",Jan-San,$1bn+,$100k - $250k,1,"$12,159","$13,661"
Lindsey Enterprises,"West Shane, SC, US",Produce,$10mm - $25mm,$25k - $50k,4,"$3,569","$6,274"
Lawson Supply Co.,"East Sydneyhaven, TN, US",Seafood,$25mm - $50mm,$75k - $100k,4,"$6,789","$5,438"
Gomez Distribution,"South Billyview, MT, US",Meat,$50mm - $100mm,$25k - $50k,1,"$3,449","$4,420"
Fields Logistics,"Davidshire, NS, Canada",Produce,$250mm - $500mm,$100k - $250k,2,"$11,652","$11,667"
Oliver Enterprises,"Adammouth, ON, Canada",Specialty,$25mm - $50mm,$25k - $50k,1,"$2,424","$3,068"
Byrd Enterprises,"North Eric, CT, US",C-Store,$10mm - $25mm,< $10k,2,$802,$818
Le Foods,"Candiceport, NC, US",Broadline,$10mm - $25mm,$75k - $100k,3,"$6,844","$6,844"
Hopkins Enterprises,"Tylerside, OK, US",Coffee,$50mm - $100mm,$50 - $75k,3,"$6,203","$7,977"
Massey Supply Co.,"Charlesmouth, OR, US",Meat,< $10mm,$25k - $50k,1,"$3,893","$4,222"
Fuller Enterprises,"East Abigail, MS, US",Ice Cream,$50mm - $100mm,$25k - $50k,2,"$2,630","$2,630"
Berger Supply Co.,"South Amy, WY, US",C-Store,$10mm - $25mm,$50 - $75k,1,"$4,421","$4,928"
Lucas Supply Co.,"Davisbury, VT, US",Produce,$100mm - $250mm,$50 - $75k,4,"$5,115","$5,256"
Parker Foods,"Lake Martin, MN, US",Broadline,< $10mm,$25k - $50k,1,"$3,267","$3,377"
Alexander Distribution,"Kellyhaven, PE, Canada",Broadline,$25mm - $50mm,$75k - $100k,2,"$7,248","$13,110"
Riley Supply Co.,"Barajastown, NE, US",Seafood,$25mm - $50mm,$10k - $25k,2,"$1,812","$2,325"
Oconnor Enterprises,"Lake Michaelbury, BC, Canada",Jan-San,$50mm - $100mm,$100k - $250k,2,"$11,042","$11,042"
Davis Enterprises,"North Felicia, WA, US",Broadline,< $10mm,$10k - $25k,1,"$1,188","$1,405"
Phillips Supply Co.,"Patrickville, MD, US",Broadline,$25mm - $50mm,$50 - $75k,3,"$6,213","$7,548"
Burgess Enterprises,"Scottport, IN, US",C-Store,$25mm - $50mm,$100k - $250k,1,"$8,884","$10,914"
Thompson Logistics,"New Lynnstad, MN, US",Bakery,$25mm - $50mm,$75k - $100k,2,"$8,047","$8,047"
Anderson Foods,"Tuckerport, NH, US",Seafood,$25mm - $50mm,$100k - $250k,1,"$8,648","$8,648"
Ryan Enterprises,"West Willie, NH, US",Broadline,$50mm - $100mm,$50 - $75k,1,"$4,834","$4,834"
Mata Foods,"East Teresaside, MD, US",Broadline,$100mm - $250mm,$25k - $50k,2,"$2,957","$3,190"
Schmidt Supply Co.,"Lake Cameronborough, VA, US",Broadline,$10mm - $25mm,$10k - $25k,1,"$1,927","$1,953"
Mcintyre Supply Co.,"Houstonborough, MI, US",Specialty,$100mm - $250mm,$100k - $250k,1,"$9,378","$9,378"
Rivas Supply Co.,"Lucasland, UT, US",Broadline,$25mm - $50mm,$75k - $100k,1,"$7,325","$7,329"
Scott Foods,"North Stephen, NB, Canada",Jan-San,< $10mm,$10k - $25k,1,"$1,032","$1,141"
Summers Enterprises,"Benjaminland, OK, US",Broadline,< $10mm,$25k - $50k,2,"$2,811","$2,811"
Olson Logistics,"East Lauraside, OK, US",Seafood,$10mm - $25mm,$25k - $50k,3,"$3,483","$3,735"
Drake Foods,"New Lorraineview, NJ, US",Jan-San,$100mm - $250mm,$75k - $100k,1,"$6,788","$6,915"
Francis Logistics,"Hughesfurt, MT, US",C-Store,$50mm - $100mm,$75k - $100k,1,"$8,315","$8,763"
Morgan Enterprises,"Stewartfurt, ID, US",Broadline,$100mm - $250mm,$100k - $250k,1,"$8,833","$9,163"
Wilson Enterprises,"New Adamland, NV, US",Broadline,$25mm - $50mm,$75k - $100k,1,"$7,477","$9,530"
Mccarty Foods,"Lake Melaniestad, WV, US",Broadline,$25mm - $50mm,$25k - $50k,2,"$2,163","$2,163"
Taylor Distribution,"West Kristinport, IL, US",Ice Cream,< $10mm,$25k - $50k,2,"$3,266","$3,175"
Levy Logistics,"West Kathymouth, NV, US",Coffee,$10mm - $25mm,$10k - $25k,1,"$1,151","$1,337"
Dalton Supply Co.,"Fostertown, VA, US",Jan-San,$25mm - $50mm,$25k - $50k,1,"$2,472","$2,912"
Ramsey Logistics,"Moorebury, LA, US",Jan-San,< $10mm,$25k - $50k,1,"$2,799","$4,704"
Whitney Enterprises,"Lake Peter, CA, US",Jan-San,$10mm - $25mm,$50 - $75k,3,"$6,246","$6,431"
Coffey Enterprises,"Susanberg, OH, US",Broadline,$25mm - $50mm,$25k - $50k,4,"$3,769","$4,129"
Ballard Foods,"Ericastad, MA, US",Specialty,$50mm - $100mm,$50 - $75k,1,"$4,666","$4,666"
Diaz Distribution,"New Nancyberg, DE, US",Produce,$1bn+,$100k - $250k,1,"$17,271","$17,536"
Gibbs Supply Co.,"North Adamfurt, NY, US",Produce,$250mm - $500mm,$75k - $100k,3,"$6,866","$6,866"
Smith Logistics,"West Jasonstad, SD, US",Seafood,$50mm - $100mm,$100k - $250k,3,"$10,074","$10,074"
Herrera Distribution,"South Rebecca, MO, US",Broadline,$25mm - $50mm,$75k - $100k,1,"$7,166","$8,017"
Gibson Supply Co.,"East Jack, PA, US",Broadline,$50mm - $100mm,$25k - $50k,1,"$2,684","$2,836"
Chambers Enterprises,"Jamesburgh, MN, US",C-Store,$100mm - $250mm,$100k - $250k,1,"$8,782","$8,782"
Chambers Enterprises,"Port Karenside, SK, Canada",Broadline,< $10mm,$25k - $50k,2,"$3,213","$5,441"
Richards Foods,"Newmanland, UT, US",Jan-San,$10mm - $25mm,$25k - $50k,1,"$2,858","$3,452"
Carson Foods,"Emilyview, MD, US",Broadline,$100mm - $250mm,$100k - $250k,1,"$11,534","$11,534"
Bentley Logistics,"East Jessicafort, SK, Canada",Produce,$10mm - $25mm,$10k - $25k,2,"$1,064","$1,234"
Rodriguez Distribution,"Michaelbury, FL, US",Produce,$25mm - $50mm,$50 - $75k,1,"$5,830","$9,352"
Hall Distribution,"West Christineborough, KS, US",Produce,$25mm - $50mm,$25k - $50k,2,"$2,136","$2,385"
Johnson Supply Co.,"Toddmouth, ID, US",C-Store,$10mm - $25mm,$50 - $75k,1,"$5,941","$4,941"
Henson Logistics,"Heatherberg, GA, US",Produce,$10mm - $25mm,$25k - $50k,1,"$2,972","$3,167"
Hoffman Foods,"Lindseychester, NE, US",Seafood,$10mm - $25mm,$25k - $50k,2,"$2,510","$3,063"
Herman Logistics,"North Lawrence, OR, US",Meat,< $10mm,$25k - $50k,1,"$3,444","$4,227"
Walker Enterprises,"Lake Jodi, ID, US",Jan-San,< $10mm,$25k - $50k,4,"$2,100","$2,100"
Brown Foods,"Hillstad, OH, US",Specialty,$100mm - $250mm,$75k - $100k,2,"$7,689","$8,656"
Colon Distribution,"Lake Jessica, TN, US",C-Store,$10mm - $25mm,$25k - $50k,1,"$3,063","$3,063"
Blankenship Foods,"Fordstad, MB, Canada",Broadline,$25mm - $50mm,$25k - $50k,2,"$3,207","$3,493"
Turner Enterprises,"Tonyville, NY, US",Broadline,$10mm - $25mm,$75k - $100k,1,"$6,448","$6,448"
Ortiz Foods,"Lake Catherine, ID, US",Broadline,$500mm - $1bn,$250k+,3,"$26,030","$29,704"
Taylor Distribution,"Micheleberg, NH, US",Jan-San,$10mm - $25mm,$10k - $25k,1,"$1,150","$1,182"
Shah Enterprises,"West Jessica, MN, US",Broadline,$25mm - $50mm,$75k - $100k,2,"$6,689","$6,781"
Torres Supply Co.,"Lake Charlestown, PE, Canada",Meat,$100mm - $250mm,$100k - $250k,1,"$9,814","$10,142"
Vasquez Logistics,"Port Bonniefurt, MO, US",Jan-San,$100mm - $250mm,$100k - $250k,1,"$15,888","$16,780"
Davis Supply Co.,"North Andrea, QC, Canada",Produce,$10mm - $25mm,$25k - $50k,3,"$3,427","$3,946"
Clay Enterprises,"Valdezberg, NE, US",C-Store,$100mm - $250mm,$100k - $250k,3,"$10,814","$13,569"
Taylor Enterprises,"Philipshire, NE, US",Broadline,$25mm - $50mm,$50 - $75k,1,"$4,956","$5,306"
Chavez Enterprises,"Dennishaven, NH, US",Broadline,$25mm - $50mm,$50 - $75k,1,"$4,865","$6,230"
Santiago Distribution,"South Michaeltown, CO, US",C-Store,< $10mm,$25k - $50k,3,"$2,803","$3,607"
Paul Enterprises,"Port Tamara, WI, US",Meat,< $10mm,$25k - $50k,3,"$2,252","$2,252"
Bautista Logistics,"Port Willie, AZ, US",Jan-San,$50mm - $100mm,$100k - $250k,1,"$9,337","$9,337"
Barnes Distribution,"Mooreshire, OH, US",Meat,$25mm - $50mm,$50 - $75k,1,"$4,556","$5,866"
Newton Enterprises,"Lake Jessica, WY, US",Broadline,$25mm - $50mm,$100k - $250k,1,"$8,664","$10,841"
Moore Distribution,"Billyfort, WV, US",C-Store,$50mm - $100mm,$50 - $75k,3,"$4,460","$4,460"
Perry Logistics,"North Joseph, NY, US",C-Store,$100mm - $250mm,$100k - $250k,1,"$12,341","$19,187"
Garcia Logistics,"North Elizabeth, DE, US",C-Store,< $10mm,$25k - $50k,1,"$3,793","$3,876"
Burns Distribution,"Paulmouth, LA, US",Broadline,$25mm - $50mm,$75k - $100k,2,"$6,274","$5,560"
Russell Foods,"North Tinamouth, MS, US",Jan-San,< $10mm,$25k - $50k,1,"$3,550","$4,146"
Lynn Supply Co.,"Lake Tanyaview, WI, US",Produce,$50mm - $100mm,$100k - $250k,2,"$10,120","$12,700"
Johnson Enterprises,"Bethshire, WA, US",Broadline,$50mm - $100mm,$50 - $75k,1,"$5,025","$6,527"
Wood Supply Co.,"South Desiree, IN, US",Specialty,$500mm - $1bn,$100k - $250k,1,"$18,803","$18,803"
Ramos Logistics,"Brianaland, BC, Canada",Broadline,< $10mm,$10k - $25k,1,"$1,054","$1,214"
Sampson Supply Co.,"Nicholasbury, TN, US",Specialty,< $10mm,$25k - $50k,2,"$2,378","$2,213"
Foley Foods,"Gomezstad, MD, US",Meat,$10mm - $25mm,$25k - $50k,1,"$2,190","$2,312"